WKT_GEOM;ID_FARMACI;DENOMINAZ;INDIRIZZO;CIRCOSCRIZ;CAP;CITTA;TELEFONO;FAX;EMAIL;URL;CHIUS_INV;FERIE;ORARIO_INV;ORARIO_EST;NOTTURNA;COMUNALE;COORD_X;COORD_Y
POINT (1392930.307 4987864.578);1;AGGERI;CORSO COSENZA 39;2;10137;TORINO;011-3174848;;;http://www.farmapiemonte.org/trovafarmacie.lasso;sabato o mercoledi' settimane alterne;dal 4 al 24 luglio 2011;8,30/13,00-15,00/19,30;8,30/13,00-15,00/19,30;NO;non comunale;1392930,307;4987864,578
POINT (1394764.206 4989183.857);2;ALCHEMICA 1961;CORSO FILIPPO TURATI 74;1;10134;TORINO;011-3181345;;;http://www.farmapiemonte.org/trovafarmacie.lasso;sabato pom./lunedi' matt.;dal 1° al 28 agosto 2011;9,00/13,30-15,30/19,30;9,00/13,30-15,30/19,30;NO;non comunale;1394764,206;4989183,857
POINT (1397207.167 4991024.345);3;ALGOSTINO DEMICHELIS;PIAZZA VITTORIO VENETO 10;1;10123;TORINO;011-8178007;;;http://www.farmapiemonte.org/trovafarmacie.lasso;sabato o mercoledi' settimane alterne;dall'8 al 28 agosto 2011 e dal 24 aprile al 1° maggio 2011;9,00/12,30-15,00/19,30;9,00/12,30-15,00/19,30;NO;non comunale;1397207,167;4991024,345
POINT (1395494.868 4992204.9);4;ALMASIO s.n.c.;PIAZZA STATUTO 3;1;10122;TORINO;011-544257;;;http://www.farmapiemonte.org/trovafarmacie.lasso;sabato o mercoledi' settimane alterne;dall'11 al 31 luglio 2011 e dal 29 mggio al 5 giugno 2011;8,30/13,00-15,00/19,30;8,30/13,00-15,00/19,30;NO;non comunale;1395494,868;4992204,9
POINT (1392935.103 4988572.611);5;ALTHEA;VIA GORIZIA 133;2;10137;TORINO;011-352084;;;http://www.farmapiemonte.org/trovafarmacie.lasso;sabato o mercoledi' settimane alterne;dall'8 al 28 agosto 2011 e dal 24 aprile al 1° maggio 2011;9,00/12,30-15,00/19,30;9,00/12,30-15,00/19,30;NO;non comunale;1392935,103;4988572,611
POINT (1393381.441 4987991.447);6;AMICI s.n.c.;VIA S. MARINO 37;2;10134;TORINO;011-3177227;;;http://www.farmapiemonte.org/trovafarmacie.lasso;sabato o mercoledi' settimane alterne;dall'11 al 31 luglio 2011 e dal 29 mggio al 5 giugno 2011;8,30/12,30-15,00/19,00;8,30/12,30-15,00/19,00;NO;non comunale;1393381,441;4987991,447
POINT (1395918.83 4992039.668);8;ANTICA FARMACIA BOSIO;VIA GIUSEPPE GARIBALDI 26;1;10122;TORINO;011-4369636;;;http://www.farmapiemonte.org/trovafarmacie.lasso;Lunedi;dall'8 al 28 agosto 2011;9,00-19,00;9,00-19,30;NO;non comunale;1395918,83;4992039,668
POINT (1396962.164 4989781.571);9;ANTONIOTTI;CORSO MONCALIERI 59;8;10133;TORINO;011-6602200;;;http://www.farmapiemonte.org/trovafarmacie.lasso;sabato o mercoledi' settimane alterne;dal 4 al 31 luglio 2011;9,00/13,00-15,30/19,30;9,00/13,00-15,30/19,30;NO;non comunale;1396962,164;4989781,571
POINT (1396752.953 4992991.386);10;AURORA s.n.c.;CORSO GIULIO CESARE 24;7;10152;TORINO;011-851155;;;http://www.farmapiemonte.org/trovafarmacie.lasso;sabato o mercoledi' settimane alterne;dal 4 al 24 luglio 2011;9,00/12,30-15,00/19,30;9,00/12,30-15,00/19,30;NO;non comunale;1396752,953;4992991,386
POINT (1393372.388 4986491.617);11;BAGGIO ROBA;CORSO TRAIANO 73;8;10135;TORINO;011-6190159;;;http://www.farmapiemonte.org/trovafarmacie.lasso;sabato pom./lunedi' matt.;dal 1° al 28 agosto 2011;8,30/13,00-15,00/19,30;8,30/13,00-15,00/19,30;NO;non comunale;1393372,388;4986491,617
POINT (1393177.147 4992220.258);12;BAIMA;PIAZZA RIVOLI 11;3;10139;TORINO;011-7496819;;;http://www.farmapiemonte.org/trovafarmacie.lasso;sabato o mercoledi' settimane alterne;dal 4 al 31 luglio 2011;9,00/12,30-15,00/19,30;9,00/12,30-15,00/19,30;NO;non comunale;1393177,147;4992220,258
POINT (1394009.255 4990894.741);13;BALOCCO;CORSO PESCHIERA 142 bis/F;3;10138;TORINO;011-3833753;;;http://www.farmapiemonte.org/trovafarmacie.lasso;sabato o mercoledi' settimane alterne;dall'8 al 28 agosto 2011 e dal 24 aprile al 1° maggio 2011;8,00/13,00-15,00/19,30;8,00/13,00-15,00/19,30;NO;non comunale;1394009,255;4990894,741
POINT (1401230.3 4995067.135);14;BALOSSINO;STRADA S. MAURO 179;6;10156;TORINO;011-2733597;;;http://www.farmapiemonte.org/trovafarmacie.lasso;sabato o mercoledi' settimane alterne;dal 1° al 21 agosto e dal 24 aprile al 1° maggio 2011;8,45/12,30-15,00/19,15;8,45/12,30-15,00/19,15;NO;non comunale;1401230,3;4995067,135
POINT (1396010.021 4990511.072);15;BARGIS;VIA NIZZA 15;8;10125;TORINO;011-6699501;;;http://www.farmapiemonte.org/trovafarmacie.lasso;sabato o mercoledi' settimane alterne;dall'8 al 28 agosto 2011;8,45/12,45-15,30/19,30;8,45/12,45-15,30/19,30;NO;non comunale;1396010,021;4990511,072
POINT (1393101.936 4988154.992);16;BEATO ANGELICO;VIA S. MARINO 69;2;10137;TORINO;011-362562;;;http://www.farmapiemonte.org/trovafarmacie.lasso;sabato pom./lunedi' matt.;dal 4 al 24 luglio 2011;"Mar/Ven 8,00-19,30 Sab Mat: 8;00/12,30 Lun Pom: 12,30/19,30";"Mar/Ven 8,00-19,30 Sab Mat: 8;00/12,30 Lun Pom: 12,30/19,30";NO;non comunale;1393101,936;4988154,992
POINT (1394780.055 4992018.222);17;BERNARDI;VIA DUCHESSA JOLANDA 15;3;10138;TORINO;011-4343081;;;http://www.farmapiemonte.org/trovafarmacie.lasso;sabato o mercoledi' settimane alterne;dal 4 al 24 luglio e dal 29 mggio al 5 giugno 2011;8,30-19,30;8,30-19,30;NO;non comunale;1394780,055;4992018,222
POINT (1397122.835 4991199.417);18;BERTA;VIA PO 51;1;10124;TORINO;011-884484;;;http://www.farmapiemonte.org/trovafarmacie.lasso;sabato o mercoledi' settimane alterne;dal 1° al 28 agosto 2011;8,30-19,30;8,30-19,30;NO;non comunale;1397122,835;4991199,417
POINT (1399353.208 4991383.038);20;BOCCACCIO;VIA GIOVANNI BOCCACCIO 16;7;10132;TORINO;011-893603;;;http://www.farmapiemonte.org/trovafarmacie.lasso;sabato o mercoledi' settimane alterne;dall'11 al 31 luglio 2011;8,30/13,00-15,00/19,30;8,30/13,00-15,00/19,30;NO;non comunale;1399353,208;4991383,038
POINT (1394635.778 4993228.982);21;BONANNO;CORSO REGINA MARGHERITA 256;4;10144;TORINO;011-4375015;;;http://www.farmapiemonte.org/trovafarmacie.lasso;sabato o mercoledi' settimane alterne;dall'11 al 31 luglio 2011 e dal 29 mggio al 5 giugno 2011;8,30/12,30-15,00/19,30;8,30/12,30-15,00/19,30;NO;non comunale;1394635,778;4993228,982
POINT (1395807.276 4990931.672);22;BONISCONTRO;CORSO VITTORIO EMANUELE II 66;1;10121;TORINO;011-541271;;;http://www.farmapiemonte.org/trovafarmacie.lasso;sabato o mercoledi' settimane alterne;dall'11 al 31 luglio 2011 e dal 29 mggio al 5 giugno 2011;9,00/12,30-15,00/19,30;9,00/12,30-15,00/19,30;SI;non comunale;1395807,276;4990931,672
POINT (1395155.811 4992545.533);23;BORELLI;VIA S. DONATO 9;4;10144;TORINO;011-487712;;;http://www.farmapiemonte.org/trovafarmacie.lasso;sabato o mercoledi' settimane alterne;dall'11 al 31 luglio 2011;9,00/12,30-15,00/19,30;9,00/12,30-15,00/19,30;NO;non comunale;1395155,811;4992545,533
POINT (1396027.131 4989673.235);24;BORGARELLI;VIA MADAMA CRISTINA 62;8;10125;TORINO;011-6699410;;;http://www.farmapiemonte.org/trovafarmacie.lasso;sabato pom./lunedi' matt.;dal 4 al 24 luglio 2011;8,30/13,30-15,00/19,30;8,30/13,30-15,00/19,30;NO;non comunale;1396027,131;4989673,235
POINT (1391469.066 4991049.03);25;BORGATA LESNA;VIA MONGINEVRO 245;3;10142;TORINO;011-705432;;;http://www.farmapiemonte.org/trovafarmacie.lasso;sabato o mercoledi' settimane alterne;dal 4 al 24 luglio 2011;9,00/12,30-15,00/19,30;9,00/12,30-15,00/19,30;NO;non comunale;1391469,066;4991049,03
POINT (1397177.646 4990148.103);26;BORGO CRIMEA;CORSO FIUME 4;8;10133;TORINO;011-6604376;;;http://www.farmapiemonte.org/trovafarmacie.lasso;sabato pom./lunedi' matt.;dall'8 al 28 agosto 2011 e dal 24 aprile al 1° maggio 2011;9,00/13,00-15,00/19,00;9,00/13,00-15,30/19,30;NO;non comunale;1397177,646;4990148,103
POINT (1394738.616 4990330.717);27;BORGO CROCETTA;CORSO ALCIDE DE GASPERI 6;1;10129;TORINO;011-595215;;;http://www.farmapiemonte.org/trovafarmacie.lasso;sabato o mercoledi' settimane alterne;dall'8 al 28 agosto 2011 e dal 24 aprile al 1° maggio 2011;9,00-19,30;9,00-19,30;NO;non comunale;1394738,616;4990330,717
POINT (1397249.59 4992071.084);29;BORGO ROSSINI;VIA REGGIO 1;7;10153;TORINO;011-852602;;;http://www.farmapiemonte.org/trovafarmacie.lasso;sabato o mercoledi' settimane alterne;dall'11 al 31 luglio 2011;8,30/12,30-15,00/19,00;8,30/12,30-15,00/19,00;NO;non comunale;1397249,59;4992071,084
POINT (1396175.238 4994667.971);31;BORGO VITTORIA s.n.c.;VIA CHIESA DELLA SALUTE 64;5;10147;TORINO;011-259561;;;http://www.farmapiemonte.org/trovafarmacie.lasso;sabato pom./lunedi' matt.;dall'8 al 28 agosto 2011;8,30/13,00-14,30/19,30;8,30/13,00-15,00/19,30;NO;non comunale;1396175,238;4994667,971
POINT (1393957.276 4992260.888);32;BRACCIO;CORSO FRANCIA 87;3;10138;TORINO;011-4333747;;;http://www.farmapiemonte.org/trovafarmacie.lasso;sabato pom./lunedi' matt.;dall'8 al 28 agosto 2011;"Mar/Ven 8,30-19,30 Sab Mat: 8;00/12,30 Lun Pom: 12,30/19,30";"Mar/Ven 8,30-19,30 Sab Mat: 8;00/12,30 Lun Pom: 12,30/19,30";NO;non comunale;1393957,276;4992260,888
POINT (1396463.228 4994775.812);33;BREGLIO;VIA BREGLIO 16;5;10147;TORINO;011-250804;;;http://www.farmapiemonte.org/trovafarmacie.lasso;sabato o mercoledi' settimane alterne;dal 4 al 24 luglio e dal 29 mggio al 5 giugno 2011;8,30/13,00-15,00/19,30;8,30/13,00-15,00/19,30;NO;non comunale;1396463,228;4994775,812
POINT (1391741.033 4991511.868);34;BRUNELLESCHI;CORSO FILIPPO BRUNELLESCHI 75;3;10141;TORINO;011-703781;;;http://www.farmapiemonte.org/trovafarmacie.lasso;sabato pom./lunedi' matt.;dall'11 al 31 luglio 2011;9,00/12,30-15,00/19,30;9,00/12,30-15,00/19,30;NO;non comunale;1391741,033;4991511,868
POINT (1393463.635 4990338.666);35;BULLIO DRANZON;CORSO RACCONIGI 184;3;10141;TORINO;011-3851352;;;http://www.farmapiemonte.org/trovafarmacie.lasso;sabato o mercoledi' settimane alterne;dal 4 al 24 luglio 2011;8,30/12,30-15,30/19,30;8,30/12,30-15,30/19,30;NO;non comunale;1393463,635;4990338,666
POINT (1393464.331 4991032.121);36;BUSATTI BORGO SAN PAOLO s.a.s.;VIA MONGINEVRO 57;3;10141;TORINO;011-331252;;;http://www.farmapiemonte.org/trovafarmacie.lasso;sabato o mercoledi' settimane alterne;dal 4 al 24 luglio 2011;8,30-19,30;8,30-19,30;NO;non comunale;1393464,331;4991032,121
POINT (1397570.906 4993921.821);37;CALANDRA s.n.c.;VIA CRESCENTINO 34;6;10154;TORINO;011-2482611;;;http://www.farmapiemonte.org/trovafarmacie.lasso;sabato o mercoledi' settimane alterne;dal 4 al 31 luglio 2011;9,00/12,30-15,00/19,30;9,00/12,30-15,00/19,30;NO;non comunale;1397570,906;4993921,821
POINT (1395158.503 4994629.819);38;CALVO;VIA BERNARDINO LUINI 34;5;10149;TORINO;011-250157;;;http://www.farmapiemonte.org/trovafarmacie.lasso;sabato o mercoledi' settimane alterne;dall'8 al 28 agosto 2011 e dal 24 aprile al 1° maggio 2011;8,30/13,00-15,00/19,30;8,30/13,00-15,00/19,30;NO;non comunale;1395158,503;4994629,819
POINT (1396111.934 4990836.348);39;CARLO FELICE;PIAZZA CARLO FELICE 63;1;10123;TORINO;011-547626;;;http://www.farmapiemonte.org/trovafarmacie.lasso;sabato o mercoledi' settimane alterne;dal 4 al 24 luglio e dal 29 mggio al 5 giugno 2011;8,30-19,30;8,30-19,30;NO;non comunale;1396111,934;4990836,348
POINT (1392381.838 4993022.91);41;CASTALDI;PIAZZA TOMMASO CAMPANELLA 9;4;10146;TORINO;011-726968;;;http://www.farmapiemonte.org/trovafarmacie.lasso;sabato o mercoledi' settimane alterne;dall'11 al 31 luglio 2011 e dal 29 mggio al 5 giugno 2011;9,00/12,30-15,30/19,30;9,00/12,30-15,30/19,30;NO;non comunale;1392381,838;4993022,91
POINT (1396145.943 4990394.786);42;CAVALLO;VIA CLAUDIO LUIGI BERTHOLLET 10;8;10125;TORINO;011-6698702;;;http://www.farmapiemonte.org/trovafarmacie.lasso;sabato o mercoledi' settimane alterne;dall'8 al 28 agosto 2011;9,00/13,00-15,15/19,15;9,00/13,00-15,15/19,15;NO;non comunale;1396145,943;4990394,786
POINT (1395963.583 4995061.438);43;CAVANNA s.n.c.;VIA GAETANO MOSCA 1;5;10147;TORINO;011-212932;;;http://www.farmapiemonte.org/trovafarmacie.lasso;sabato o mercoledi' settimane alterne;dal 1° al 28 agosto 2011;9,00/12,30-15,00/19,30;9,00/12,30-15,00/19,30;NO;non comunale;1395963,583;4995061,438
POINT (1396636.496 4987052.343);44;CAVORETTO s.n.c.;PIAZZA CARLO FREGUGLIA 6;8;10133;TORINO;011-6612800;;;http://www.farmapiemonte.org/trovafarmacie.lasso;sabato pom./lunedi' matt.;dal 4 al 24 luglio 2011;8,30/12,30-15,15/19,15;8,30/12,30-15,15/19,15;NO;non comunale;1396636,496;4987052,343
POINT (1393537.331 4991704.742);45;CENISIA;VIA FREJUS 41;3;10139;TORINO;011-4336655;;;http://www.farmapiemonte.org/trovafarmacie.lasso;sabato o mercoledi' settimane alterne;dal 1° al 28 agosto 2011;8,45-19,30;8,45-19,30;NO;non comunale;1393537,331;4991704,742
POINT (1396443.613 4991605.198);46;CENTRALE;VIA ROMA 24;1;10121;TORINO;011-5628018;;;http://www.farmapiemonte.org/trovafarmacie.lasso;Lunedi;dall'11 al 31 luglio 2011;9,00-19,30;9,00-19,30;NO;non comunale;1396443,613;4991605,198
POINT (1397037.303 4994359.835);47;CERVINO;CORSO VERCELLI 111;6;10155;TORINO;011-852450;;;http://www.farmapiemonte.org/trovafarmacie.lasso;sabato o mercoledi' settimane alterne;dall'11 al 31 luglio 2011 e dal 29 mggio al 5 giugno 2011;9,00/12,30-15,00/19,30;9,00/12,30-15,00/19,30;NO;non comunale;1397037,303;4994359,835
POINT (1396247.692 4995131.321);49;CHIERICI;VIA CHIESA DELLA SALUTE 105;5;10147;TORINO;011-296688;;;http://www.farmapiemonte.org/trovafarmacie.lasso;sabato o mercoledi' settimane alterne;dal 4 al 24 luglio 2011;8,30/13,00-15,15/19,15;8,30/13,00-15,15/19,15;NO;non comunale;1396247,692;4995131,321
POINT (1396218.754 4993347.705);51;CIGNA s.a.s.;VIA FRANCESCO CIGNA 53;7;10152;TORINO;011-855497;;;http://www.farmapiemonte.org/trovafarmacie.lasso;sabato o mercoledi' settimane alterne;dall'11 al 31 luglio 2011 e dal 29 mggio al 5 giugno 2011;8,30/12,30-15,30/19,30;8,30/12,30-15,30/19,30;NO;non comunale;1396218,754;4993347,705
POINT (1396098.879 4991727.718);52;COLLEGIATA SANTA MARIA s.n.c.;VIA S. FRANCESCO D'ASSISI 14;1;10122;TORINO;011-534057;;;http://www.farmapiemonte.org/trovafarmacie.lasso;sabato o mercoledi' settimane alterne;dall'8 al 28 agosto 2011;8,45-19,15;8,45-19,15;NO;non comunale;1396098,879;4991727,718
POINT (1392631.82 4988433.04);53;COMUNALE 01;CORSO ORBASSANO 249;2;10137;TORINO;011-390045;;;http://www.fctorinospa.it/index.php?option=com_ana;sabato o mercoledi' settimane alterne;dal 4 al 31 luglio 2011;9,00/12,30-15,00/19,30;9,00/12,30-15,00/19,30;NO;comunale;1392631,82;4988433,04
POINT (1394287.46 4994952.981);54;COMUNALE 02;VIA SCIPIO SLATAPER 25;5;10149;TORINO;011-735814;;;http://www.fctorinospa.it/index.php?option=com_ana;sabato o mercoledi' settimane alterne;dal 4 al 31 luglio 2011;8,30/12,30-15,30/19,30;8,30/12,30-15,30/19,30;NO;comunale;1394287,46;4994952,981
POINT (1399029.12 4991814.479);55;COMUNALE 04;VIA OROPA 69;7;10153;TORINO;011-895608;;;http://www.fctorinospa.it/index.php?option=com_ana;sabato o mercoledi' settimane alterne;dal 4 al 31 luglio 2011;8,30/12,30-15,30/19,30;8,30/12,30-15,30/19,30;NO;comunale;1399029,12;4991814,479
POINT (1390585.352 4991686.083);56;COMUNALE 05;VIA RIETI 55;3;10142;TORINO;011-4114855;;;http://www.fctorinospa.it/index.php?option=com_ana;sabato o mercoledi' settimane alterne;dal 1° al 28 agosto 2011;9,00/12,30-15,00/19,30;9,00/12,30-15,00/19,30;NO;comunale;1390585,352;4991686,083
POINT (1392669.198 4991075.423);57;COMUNALE 07;CORSO TRAPANI 150;3;10141;TORINO;011-3352700;;;http://www.fctorinospa.it/index.php?option=com_ana;sabato o mercoledi' settimane alterne;dal 4 al 31 luglio 2011;8,30-19,30;8,30-19,30;NO;comunale;1392669,198;4991075,423
POINT (1392592.836 4989277.088);59;COMUNALE 09;CORSO SEBASTOPOLI 272;2;10136;TORINO;011-351483;;;http://www.fctorinospa.it/index.php?option=com_ana;sabato o mercoledi' settimane alterne;dal 4 al 31 luglio 2011;9,00/12,30-15,00/19,30;9,00/12,30-15,00/19,30;NO;comunale;1392592,836;4989277,088
POINT (1391793.719 4992816.11);60;COMUNALE 10;VIA VITTORIO ASINARI DI BERNEZZO 134;4;10146;TORINO;011-725767;;;http://www.fctorinospa.it/index.php?option=com_ana;sabato o mercoledi' settimane alterne;dal 1° al 28 agosto 2011;9,00/12,30-15,00/19,30;9,00/12,30-15,00/19,30;NO;comunale;1391793,719;4992816,11
POINT (1394537.086 4996564.592);61;COMUNALE 11;STRADA LANZO 98/G;5;10148;TORINO;011-2262953;;;http://www.fctorinospa.it/index.php?option=com_ana;sabato o mercoledi' settimane alterne;dal 4 al 31 luglio 2011;8,30/12,30-15,00/19,00;8,30/12,30-15,00/19,00;NO;comunale;1394537,086;4996564,592
POINT (1397558.064 4995790.773);62;COMUNALE 12;CORSO VERCELLI 236;6;10155;TORINO;011-265215;;;http://www.fctorinospa.it/index.php?option=com_ana;sabato o mercoledi' settimane alterne;dal 4 al 31 luglio 2011;9,00/12,30-15,00/19,30;9,00/12,30-15,00/19,30;NO;comunale;1397558,064;4995790,773
POINT (1390665.998 4986206.418);63;COMUNALE 13;VIA CELESTE NEGARVILLE 8 int. 12;2;10135;TORINO;011-3470309;;;http://www.fctorinospa.it/index.php?option=com_ana;sabato o mercoledi' settimane alterne;dal 1° al 28 agosto 2011;8,30-19,00;9,00-19,30;NO;comunale;1390665,998;4986206,418
POINT (1393477.134 4986371.587);64;COMUNALE 15;CORSO TRAIANO 86;8;10135;TORINO;011-616044;;;http://www.fctorinospa.it/index.php?option=com_ana;sabato o mercoledi' settimane alterne;dal 4 al 31 luglio 2011;9,00/12,30-15,00/19,30;9,00/12,30-15,00/19,30;NO;comunale;1393477,134;4986371,587
POINT (1393775.77 4991997.119);65;COMUNALE 17;CORSO VITTORIO EMANUELE II 182;3;10138;TORINO;011-443311;;;http://www.fctorinospa.it/index.php?option=com_ana;sabato o mercoledi' settimane alterne;dal 4 al 31 luglio 2011;8,30/12,30-15,30/19,30;8,30/12,30-15,30/19,30;NO;comunale;1393775,77;4991997,119
POINT (1398208.464 4996737.475);67;COMUNALE 20;VIA IVREA 47;6;10156;TORINO;011-2621325;;;http://www.fctorinospa.it/index.php?option=com_ana;sabato o mercoledi' settimane alterne;dal 1° al 28 agosto 2011;9,00/12,30-15,00/19,30;9,00/12,30-15,00/19,30;NO;comunale;1398208,464;4996737,475
POINT (1392499.737 4992667.859);69;COMUNALE 22;VIA CARLO CAPELLI 47;4;10146;TORINO;011-725742;;;http://www.fctorinospa.it/index.php?option=com_ana;sabato o mercoledi' settimane alterne;dal 1° al 28 agosto 2011;8,30/12,45-15,15/19,30;8,30/12,45-15,15/19,30;NO;comunale;1392499,737;4992667,859
POINT (1392083.169 4988785.788);70;COMUNALE 23;VIA GUIDO RENI 155;2;10137;TORINO;011-307573;;;http://www.fctorinospa.it/index.php?option=com_ana;sabato o mercoledi' settimane alterne;dal 1° al 28 agosto 2011;8,30/12,30-15,30/19,30;8,30/12,30-15,30/19,30;NO;comunale;1392083,169;4988785,788
POINT (1395736.852 4990901.817);72;COMUNALE 25;CORSO VITTORIO EMANUELE II 65;1;10128;TORINO;011-542825;;;http://www.fctorinospa.it/index.php?option=com_ana;Sempre Aperta;Sempre Aperta;7,00-19,30;7,00-19,30;NO;comunale;1395736,852;4990901,817
POINT (1393913.228 4987427.919);73;COMUNALE 28;CORSO CORSICA 9;8;10134;TORINO;011-3170152;;;http://www.fctorinospa.it/index.php?option=com_ana;sabato o mercoledi' settimane alterne;dal 1° al 28 agosto 2011;8,30/12,30-15,00/19,00;8,30/12,30-15,00/19,00;NO;comunale;1393913,228;4987427,919
POINT (1395424.284 4994002.491);74;COMUNALE 29;VIA ORVIETO 10;5;10149;TORINO;011-259460;;;http://www.fctorinospa.it/index.php?option=com_ana;sabato pom./lunedi' matt.;dal 1° al 28 agosto 2011;9,00/13,00-15,30/19,30;9,00/13,00-15,30/19,30;NO;comunale;1395424,284;4994002,491
POINT (1394354.898 4995496.111);75;COMUNALE 33;VIA ISERNIA 13;5;10151;TORINO;011-7399887;;;http://www.fctorinospa.it/index.php?option=com_ana;sabato o mercoledi' settimane alterne;dal 1° al 28 agosto 2011;9,00/13,00-15,00/19,00;9,00/13,00-15,00/19,00;NO;comunale;1394354,898;4995496,111
POINT (1391206.685 4988383.677);76;COMUNALE 35;VIA CIMABUE 8;2;10137;TORINO;011-304027;;;http://www.fctorinospa.it/index.php?option=com_ana;sabato o mercoledi' settimane alterne;dal 4 al 31 luglio 2011;9,00/12,30-15,00/19,30;9,00/12,30-15,00/19,30;NO;comunale;1391206,685;4988383,677
POINT (1393167.784 4988622.841);77;COMUNALE 36;VIA FILADELFIA 142;2;10137;TORINO;011-321619;;;http://www.fctorinospa.it/index.php?option=com_ana;sabato o mercoledi' settimane alterne;dal 4 al 31 luglio 2011;8,45/12,30-15,15/19,30;8,30/12,30-15,30/19,30;NO;comunale;1393167,784;4988622,841
POINT (1393408.238 4988293.509);78;COMUNALE 37;CORSO GIOVANNI AGNELLI 56;2;10137;TORINO;011-3247458;;;http://www.fctorinospa.it/index.php?option=com_ana;sabato o mercoledi' settimane alterne;dal 1° al 28 agosto 2011;8,45/12,30-15,00/19,15;8,45/12,30-15,15/19,30;NO;comunale;1393408,238;4988293,509
POINT (1391548.835 4991866.171);79;COMUNALE 38;VIA VANDALINO 9;3;10141;TORINO;011-725846;;;http://www.fctorinospa.it/index.php?option=com_ana;sabato o mercoledi' settimane alterne;dal 4 al 31 luglio 2011;9,00/13,00-15,30/19,30;9,00/13,00-15,30/19,30;NO;comunale;1391548,835;4991866,171
POINT (1392267.0728265 4985478.18822253);80;COMUNALE 40;VIA ARTURO FARINELLI 36 int. 9;2;10135;TORINO;011-3488296;;;http://www.fctorinospa.it/index.php?option=com_ana;sabato pom./lunedi' matt.;dal 1° al 28 agosto 2011;"Mar/Ven 8,30-19,00 Sab Mat: 8;30/13,00 Lun Pom: 13,00/19,00";"Mar/Ven 8,30-19,00 Sab Mat: 8;30/13,00 Lun Pom: 13,00/19,00";NO;comunale;1392267,0728265;4985478,18822253
POINT (1395990.614 4990969.36);82;COMUNALE 42;VIA VENTI SETTEMBRE 5;1;10121;TORINO;011-543287;;;http://www.fctorinospa.it/index.php?option=com_ana;sabato o mercoledi' settimane alterne;dal 1° al 28 agosto 2011;9,00-19,30;9,00-19,30;NO;comunale;1395990,614;4990969,36
POINT (1395535.67 4992275.925);83;COMUNALE 43;PIAZZA STATUTO 4;1;10122;TORINO;011-5214581;;;http://www.fctorinospa.it/index.php?option=com_ana;sabato o mercoledi' settimane alterne;dal 1° al 28 agosto 2011;9,00-19,00;9,00-19,30;NO;comunale;1395535,67;4992275,925
POINT (1394272.7 4992898.271);84;COMUNALE 44;VIA LUIGI CIBRARIO 72;4;10144;TORINO;011-4371380;;;http://www.fctorinospa.it/index.php?option=com_ana;sabato o mercoledi' settimane alterne;dal 4 al 31 luglio 2011;8,30-19,30;8,30-19,30;NO;comunale;1394272,7;4992898,271
POINT (1393848.436 4991079.889);85;COMUNALE 45;VIA MONGINEVRO 27;3;10138;TORINO;011-3852515;;;http://www.fctorinospa.it/index.php?option=com_ana;sabato pom./lunedi' matt.;dal 4 al 31 luglio 2011;9,00/12,30-15,00/19,30;9,00/12,30-15,00/19,30;NO;comunale;1393848,436;4991079,889
POINT (1395442.973 4987952.861);86;COMUNALE 46;PIAZZA CAMILLO BOZZOLO 11;8;10126;TORINO;011-633859;;;http://www.fctorinospa.it/index.php?option=com_ana;sabato o mercoledi' settimane alterne;dal 1° al 28 agosto 2011;8,30/13,30-14,30/19,00;8,30/13,30-14,30/19,00;NO;comunale;1395442,973;4987952,861
POINT (1392938.187 4992219.496);87;CORSO FRANCIA;CORSO FRANCIA 175;3;10139;TORINO;011-746112;;;http://www.farmapiemonte.org/trovafarmacie.lasso;sabato o mercoledi' settimane alterne;dal 1° al 28 agosto 2011;9,00/12,45-15,00/19,30;8,45/12,45-15,00/19,30;NO;non comunale;1392938,187;4992219,496
POINT (1395369.586 4995463.628);88;CORSO GROSSETO;CORSO GROSSETO 221;5;10147;TORINO;011-290055;;;http://www.farmapiemonte.org/trovafarmacie.lasso;sabato o mercoledi' settimane alterne;dal 4 al 31 luglio 2011;9,00/12,30-15,00/19,30;9,00/12,30-15,00/19,30;NO;non comunale;1395369,586;4995463,628
POINT (1392440.944 4988909.879);89;CORSO SIRACUSA;CORSO SIRACUSA 98;2;10137;TORINO;011-3114888;;;http://www.farmapiemonte.org/trovafarmacie.lasso;sabato pom./lunedi' matt.;dall'11 al 31 luglio 2011;8,30/13,00-15,00/19,30;8,30/13,00-15,00/19,30;NO;non comunale;1392440,944;4988909,879
POINT (1394086.402 4992990.767);90;CRIDA;VIA LUIGI CIBRARIO 88;4;10143;TORINO;011-740823;;;http://www.farmapiemonte.org/trovafarmacie.lasso;sabato o mercoledi' settimane alterne;dall'8 al 28 agosto 2011 e dal 24 aprile al 1° maggio 2011;9,00/12,30-15,00/19,30;9,00/12,30-15,00/19,30;NO;non comunale;1394086,402;4992990,767
POINT (1394393.959 4990165.248);91;DANIELE;CORSO DUCA DEGLI ABRUZZI 66;1;10129;TORINO;011-596944;;;http://www.farmapiemonte.org/trovafarmacie.lasso;sabato o mercoledi' settimane alterne;dal 1° al 28 agosto 2011;8,30/13,00-15,00/19,30;8,30/13,00-15,00/19,30;NO;non comunale;1394393,959;4990165,248
POINT (1395843.885 4988992.428);92;DANTE;CORSO DANTE 78;8;10126;TORINO;011-6961712;;;http://www.farmapiemonte.org/trovafarmacie.lasso;sabato o mercoledi' settimane alterne;dal 1° al 28 agosto 2011;9,00/12,30-15,00/19,30;8,45/12,45-15,30/19,30;NO;non comunale;1395843,885;4988992,428
POINT (1397127.391 4992862.969);93;DE ANGELI;LARGO BRESCIA 47;7;10152;TORINO;011-851512;;;http://www.farmapiemonte.org/trovafarmacie.lasso;sabato pom./lunedi' matt.;dall'11 al 31 luglio 2011;Mar/Ven 9,00-19,30 Sab Mat: 9,00/13,00 Lun Pom: 13,00/19,30;Mar/Ven 9,00-19,30 Sab Mat: 9,00/13,00 Lun Pom: 13,00/19,30;NO;non comunale;1397127,391;4992862,969
POINT (1396958.71 4991357.62);94;DEGLI STEMMI;VIA PO 31;1;10124;TORINO;011-8173027;;;http://www.farmapiemonte.org/trovafarmacie.lasso;sabato o mercoledi' settimane alterne;dall'11 al 31 luglio 2011;9,00-19,30;9,00-19,30;NO;non comunale;1396958,71;4991357,62
POINT (1397396.607 4992397.277);95;DEI FIORI s.n.c.;CORSO REGIO PARCO 38;7;10153;TORINO;011-857068;;;http://www.farmapiemonte.org/trovafarmacie.lasso;sabato o mercoledi' settimane alterne;dall'8 al 28 agosto 2011;8,45/12,30-15,00/19,15;8,45/12,30-15,15/19,30;NO;non comunale;1397396,607;4992397,277
POINT (1394101.309 4991870.15);96;DEL BENESSERE;PIAZZA ADRIANO 12;3;10138;TORINO;011-4332567;;;http://www.farmapiemonte.org/trovafarmacie.lasso;sabato pom./lunedi' matt.;dall'8 al 28 agosto 2011;Mar/Ven 8,30-19,30 Sab Mat: 8,30/12,30 Lun Pom: 12,30/19,30;Mar/Ven 8,30-19,30 Sab Mat: 8,30/12,30 Lun Pom: 12,30/19,30;NO;non comunale;1394101,309;4991870,15
POINT (1396147.327 4990672.974);98;DEL CORSO;VIA SALUZZO 1;8;10125;TORINO;011-6699414;;;http://www.farmapiemonte.org/trovafarmacie.lasso;sabato o mercoledi' settimane alterne;dall'11 al 31 luglio 2011;9,00/14,00-15,00/19,15;9,00/14,00-15,15/19,30;NO;non comunale;1396147,327;4990672,974
POINT (1393714.165 4987655.752);99;DEL GIGLIO;VIA ARNALDO DA BRESCIA 38;8;10134;TORINO;011-3172572;;;http://www.farmapiemonte.org/trovafarmacie.lasso;sabato pom./lunedi' matt.;dall'8 al 28 agosto 2011;8,30/12,15-14,30/19,15;8,30/12,15-14,30/19,15;NO;non comunale;1393714,165;4987655,752
POINT (1395526.623 4990341.503);100;DEL LEONE;VIA S. SECONDO 46;1;10128;TORINO;011-5818929;;;http://www.farmapiemonte.org/trovafarmacie.lasso;sabato pom./lunedi' matt.;dal 1° al 28 agosto 2011;Mar/Ven 8,30-19,30 Sab Mat: 8,30/14,00 Lun Pom: 14,00/19,30;Mar/Ven 8,30-19,30 Sab Mat: 8,30/14,00 Lun Pom: 14,00/19,30;NO;non comunale;1395526,623;4990341,503
POINT (1395207.771 4995560.21);101;DEL MERCATO;CORSO GROSSETO 216;5;10148;TORINO;011-2268068;;;http://www.farmapiemonte.org/trovafarmacie.lasso;sabato pom./lunedi' matt.;dall'8 al 28 agosto 2011 e dal 24 aprile al 1° maggio 2011;8,45/12,45-15,00/19,00;8,45/12,45-15,00/19,00;NO;non comunale;1395207,771;4995560,21
POINT (1395395.721 4991188.018);102;DEL MONUMENTO;LARGO VITTORIO EMANUELE II 84;1;10121;TORINO;011-5629183;;;http://www.farmapiemonte.org/trovafarmacie.lasso;sabato o mercoledi' settimane alterne;dall'11 al 31 luglio 2011 e dal 29 mggio al 5 giugno 2011;8,3-18,30;8,30-18,30;NO;non comunale;1395395,721;4991188,018
POINT (1396145.059 4992359.519);103;DELLA CONSOLATA;VIA DELLE ORFANE 25;1;10122;TORINO;011-4362233;;;http://www.farmapiemonte.org/trovafarmacie.lasso;sabato o mercoledi' settimane alterne;dall'8 al 28 agosto 2011 e dal 24 aprile al 1° maggio 2011;8,30-19,30;8,30-19,30;NO;non comunale;1396145,059;4992359,519
POINT (1397199.261 4991684.984);104;DELLA MOLE s.a.s.;CORSO S. MAURIZIO 35;7;10124;TORINO;011-889383;;;http://www.farmapiemonte.org/trovafarmacie.lasso;sabato pom./lunedi' matt.;dall'8 al 28 agosto 2011;9,00/13,00-15,00/19,00;9,00/13,00-15,00/19,00;NO;non comunale;1397199,261;4991684,984
POINT (1396940.324 4990617.133);105;DELLA ROCCA;VIA DEI MILLE 48;1;10123;TORINO;011-887386;;;http://www.farmapiemonte.org/trovafarmacie.lasso;sabato o mercoledi' settimane alterne;dall'11 al 31 luglio 2011;8,45/14,00-15,00/19,30;8,45/14,00-15,00/19,30;NO;non comunale;1396940,324;4990617,133
POINT (1398498.617 4997846.364);106;DELLA STURA s.n.c.;VIALE FALCHERA 70;6;10156;TORINO;011-2620362;;;http://www.farmapiemonte.org/trovafarmacie.lasso;sabato pom./lunedi' matt.;dall'11 al 31 luglio 2011;8,45/12,45-15,00/19,30;8,45/12,45-15,00/19,30;NO;non comunale;1398498,617;4997846,364
POINT (1398040.25 4994130.79);109;DELLE MADDALENE s.n.c.;PIAZZA OTTORINO RESPIGHI 3;6;10154;TORINO;011-2426557;;;http://www.farmapiemonte.org/trovafarmacie.lasso;sabato pom./lunedi' matt.;dall'8 al 28 agosto 2011;8,45/13,30-15,15/19,30;8,45/13,30-15,15/19,30;NO;non comunale;1398040,25;4994130,79
POINT (1395340.467 4988345.136);110;DELLE MOLINETTE;VIA NIZZA 183;8;10126;TORINO;011-6963207;;;http://www.farmapiemonte.org/trovafarmacie.lasso;sabato pom./lunedi' matt.;dall'11 al 31 luglio 2011;Mar/Ven 8,30-19,00 Sab Mat: 8,30/13,00 Lun Pom: 13,00/19,00;Mar/Ven 8,30-19,00 Sab Mat: 8,30/13,00 Lun Pom: 13,00/19,00;NO;non comunale;1395340,467;4988345,136
POINT (1392548.496 4995335.929);111;DELLE VALLETTE s.n.c.;VIALE DEI MUGHETTI 9;5;10151;TORINO;011-735313;;;http://www.farmapiemonte.org/trovafarmacie.lasso;sabato o mercoledi' settimane alterne;dall'8 al 28 agosto 2011 e dal 24 aprile al 1° maggio 2011;9,00/13,30-15,00/19,30;9,00/13,30-15,00/19,30;NO;non comunale;1392548,496;4995335,929
POINT (1392939.363 4988032.777);113;DELL'ORSO;VIA BUENOS AIRES 77;2;10137;TORINO;011-393735;;;http://www.farmapiemonte.org/trovafarmacie.lasso;sabato pom./lunedi' matt.;dall'8 al 28 agosto 2011;8,45/12,45-15,00/19,30;8,45/12,45-15,00/19,30;NO;non comunale;1392939,363;4988032,777
POINT (1396813.766 4991456.111);114;DELL'UNIVERSITA' GIORDA;VIA PO 14;1;10123;TORINO;011-8125907;;;http://www.farmapiemonte.org/trovafarmacie.lasso;sabato o mercoledi' settimane alterne;dall'8 al 28 agosto 2011;8,30-19,30;8,30-19,30;NO;non comunale;1396813,766;4991456,111
POINT (1396107.96 4993104.685);115;DON BOSCO;VIA FRANCESCO CIGNA 44;7;10152;TORINO;011-4362600;;;http://www.farmapiemonte.org/trovafarmacie.lasso;sabato o mercoledi' settimane alterne;dall'8 al 28 agosto 2011 e dal 24 aprile al 1° maggio 2011;8,30/12,30-15,00/19,00;8,30/12,30-15,00/19,00;NO;non comunale;1396107,96;4993104,685
POINT (1390513.752 4992120.432);116;DONATO;CORSO FRANCIA 385;3;10142;TORINO;011-4032610;;;http://www.farmapiemonte.org/trovafarmacie.lasso;sabato pom./lunedi' matt.;dal 4 al 24 luglio 2011;Mar/Ven 8,45-19,30 Sab Mat: 8,45/14,00 Lun Pom: 14,00/19,30;Mar/Ven 8,45-19,30 Sab Mat: 8,45/14,00 Lun Pom: 14,00/19,30;NO;non comunale;1390513,752;4992120,432
POINT (1396632.461 4994100.514);117;DORA;VIA FRANCESCO CIGNA 118;6;10155;TORINO;011-852253;;;http://www.farmapiemonte.org/trovafarmacie.lasso;sabato o mercoledi' settimane alterne;dal 4 al 31 luglio 2011;9,00-19,30;9,00-19,30;NO;non comunale;1396632,461;4994100,514
POINT (1396906.953 4993328.975);118;DUTTO s.n.c.;CORSO GIULIO CESARE 48;7;10152;TORINO;011-852796;;;http://www.farmapiemonte.org/trovafarmacie.lasso;sabato pom./lunedi' matt.;dall'8 al 28 agosto 2011 e dal 24 aprile al 1° maggio 2011;8,45/12,30-15,15/19,30;8,45/12,30-15,15/19,30;NO;non comunale;1396906,953;4993328,975
POINT (1391830.541 4987950.721);119;EUROPA;CORSO ORBASSANO 302;2;10137;TORINO;011-3110112;;;http://www.farmapiemonte.org/trovafarmacie.lasso;sabato o mercoledi' settimane alterne;dall'8 al 28 agosto 2011 e dal 24 aprile al 1° maggio 2011;9,00/12,30-15,00/19,30;9,00/12,30-15,00/19,30;NO;non comunale;1391830,541;4987950,721
POINT (1396748.457 4990634.94);120;EUROPEA;VIA GIUSEPPE MAZZINI 31;1;10123;TORINO;011-8126935;;;http://www.farmapiemonte.org/trovafarmacie.lasso;sabato o mercoledi' settimane alterne;dall'8 al 28 agosto 2011;9,00-19,30;9,00-19,30;NO;non comunale;1396748,457;4990634,94
POINT (1395869.839 4992170.217);121;FERRERO;VIA DEL CARMINE 1;1;10122;TORINO;011-4369595;;;http://www.farmapiemonte.org/trovafarmacie.lasso;sabato o mercoledi' settimane alterne;dall'11 al 31 luglio 2011;8,45/13,00-14,45/19,30;8,45/13,00-14,45/19,30;NO;non comunale;1395869,839;4992170,217
POINT (1397766.689 4995450.906);123;FRANCO;VIA NINO OXILIA 13;6;10155;TORINO;011-202382;;;http://www.farmapiemonte.org/trovafarmacie.lasso;sabato o mercoledi' settimane alterne;dal 1° al 28 agosto 2011;9,00/13,00-15,00/19,30;9,00/13,00-15,00/19,30;NO;non comunale;1397766,689;4995450,906
POINT (1394474.044 4992281.558);124;FREJUS s.n.c.;CORSO FRANCIA 35;3;10138;TORINO;011-4472361;;;http://www.farmapiemonte.org/trovafarmacie.lasso;sabato pom./lunedi' matt.;dall'11 al 31 luglio 2011;8,30/12,45-15,00/19,30;8,30/13,00-15,15/19,30;NO;non comunale;1394474,044;4992281,558
POINT (1394727.831 4989655.079);125;GALILEO;VIA GIUSEPPE E ANTONIO CARLE 5;1;10128;TORINO;011-599526;;;http://www.farmapiemonte.org/trovafarmacie.lasso;sabato o mercoledi' settimane alterne;dall'8 al 28 agosto 2011 e dal 24 aprile al 1° maggio 2011;8,30/12,30-15,00/19,00;8,30/12,30-15,00/19,00;NO;non comunale;1394727,831;4989655,079
POINT (1390921.918 4991674.308);126;GANCIA;VIA ASIAGO 35;3;10142;TORINO;011-4034120;;;http://www.farmapiemonte.org/trovafarmacie.lasso;sabato o mercoledi' settimane alterne;dall'11 al 31 luglio 2011 e dal 29 mggio al 5 giugno 2011;9,00/13,00-15,00/19,30;8,30/13,00-15,00/19,30;NO;non comunale;1390921,918;4991674,308
POINT (1395397.895 4988670.966);127;GANI s.n.c.;VIA NIZZA 108;8;10126;TORINO;011-6965221;;;http://www.farmapiemonte.org/trovafarmacie.lasso;sabato pom./lunedi' matt.;dall'8 al 28 agosto 2011;Mar/Ven 8,30-19,30 Sab Mat: 8,30/13,30 Lun Pom: 13,30/19,30;Mar/Ven 8,30-19,30 Sab Mat: 8,30/13,30 Lun Pom: 13,30/19,30;NO;non comunale;1395397,895;4988670,966
POINT (1395486.715 4994788.118);128;GARELLI s.n.c.;VIA GUGLIELMO CARDINALE MASSAIA 45;5;10147;TORINO;011-214176;;;http://www.farmapiemonte.org/trovafarmacie.lasso;sabato o mercoledi' settimane alterne;dall'11 al 31 luglio 2011 e dal 29 mggio al 5 giugno 2011;9,00/12,30-14,45/19,30;9,00/12,30-14,45/19,30;NO;non comunale;1395486,715;4994788,118
POINT (1394170.853 4988007.148);129;GAY;VIA TUNISI 99;8;10134;TORINO;011-3195196;;;http://www.farmapiemonte.org/trovafarmacie.lasso;sabato o mercoledi' settimane alterne;dal 1° al 28 agosto 2011;8,30/12,30-15,30/19,30;8,30/12,30-15,30/19,30;NO;non comunale;1394170,853;4988007,148
POINT (1394044.65 4986515.141);130;GHEZZO;VIA PASSO BUOLE 59;8;10127;TORINO;011-6190003;;;http://www.farmapiemonte.org/trovafarmacie.lasso;sabato o mercoledi' settimane alterne;dal 4 al 31 luglio 2011;9,00/12,30-15,00/19,30;9,00/13,00-15,30/19,30;NO;non comunale;1394044,65;4986515,141
POINT (1392889.888 4989313.706);131;GIACCONE;VIA BARLETTA 93;2;10136;TORINO;011-350193;;;http://www.farmapiemonte.org/trovafarmacie.lasso;sabato pom./lunedi' matt.;dall'8 al 28 agosto 2011;8,45/12,30-15,00/19,30;8,45/12,30-15,00/19,30;NO;non comunale;1392889,888;4989313,706
POINT (1392940.084 4991031.536);132;GILLONE;VIA MONGINEVRO 105;3;10141;TORINO;011-3855876;;;http://www.farmapiemonte.org/trovafarmacie.lasso;sabato o mercoledi' settimane alterne;dal 1° al 28 agosto 2011;8,45/13,00-15,00/19,30;8,45/13,00-15,00/19,30;NO;non comunale;1392940,084;4991031,536
POINT (1397923.231 4993810.76);135;GRANERO s.n.c.;VIA BRANDIZZO 90;6;10154;TORINO;011-858540;;;http://www.farmapiemonte.org/trovafarmacie.lasso;sabato o mercoledi' settimane alterne;dal 1° al 28 agosto 2011;9,00/12,45-15,00/19,15;9,00/12,45-15,00/19,15;NO;non comunale;1397923,231;4993810,76
POINT (1393011.377 4986140.178);137;GUALA s.a.s.;VIA ONORATO VIGLIANI 55;8;10135;TORINO;011-3032579;;;http://www.farmapiemonte.org/trovafarmacie.lasso;sabato pom./lunedi' matt.;dall'11 al 31 luglio 2011;9,00/13,00-14,30/19,30;9,00/13,00-14,30/19,30;NO;non comunale;1393011,377;4986140,178
POINT (1394582.728 4988878.834);138;GUALDI;CORSO UNIONE SOVIETICA 85;8;10134;TORINO;011-3197922;;;http://www.farmapiemonte.org/trovafarmacie.lasso;sabato pom./lunedi' matt.;dall'11 al 31 luglio 2011 e dal 29 mggio al 5 giugno 2011;9,00/12,30-15,00/19,30;9,00/12,30-15,00/19,30;NO;non comunale;1394582,728;4988878,834
POINT (1393218.509 4986952.88);139;GUARINO;VIA PASSO BUOLE 160;8;10135;TORINO;011-616002;;;http://www.farmapiemonte.org/trovafarmacie.lasso;sabato o mercoledi' settimane alterne;dal 1° al 28 agosto 2011;8,30/13,00-15,30/19,30;8,30/13,00-15,30/19,30;NO;non comunale;1393218,509;4986952,88
POINT (1394369.831 4988428.918);140;GUSSONI;VIA TUNISI 51;8;10134;TORINO;011-3194565;;;http://www.farmapiemonte.org/trovafarmacie.lasso;sabato o mercoledi' settimane alterne;dall'8 al 28 agosto 2011;9,00-19,30;9,00-19,30;NO;non comunale;1394369,831;4988428,918
POINT (1394406.369 4994661.682);141;IGEA;LARGO TOSCANA 50;5;10149;TORINO;011-7391457;;;http://www.farmapiemonte.org/trovafarmacie.lasso;sabato o mercoledi' settimane alterne;dal 4 al 24 luglio 2011;8,30/13,00-14,30/19,15;8,30/13,00-14,30/19,15;NO;non comunale;1394406,369;4994661,682
POINT (1396426.784 4991085.362);142;INTERNAZIONALE;VIA CARLO ALBERTO 24;1;10123;TORINO;011-535144;;;http://www.farmapiemonte.org/trovafarmacie.lasso;sabato o mercoledi' settimane alterne;dall'11 al 31 luglio 2011;8,45/12,45-15,00/19,30;8,45/12,45-15,00/19,30;NO;non comunale;1396426,784;4991085,362
POINT (1394691.806 4986250.454);144;LINGOTTO;VIA NIZZA 354;8;10127;TORINO;011-6963668;;;http://www.farmapiemonte.org/trovafarmacie.lasso;sabato pom./lunedi' matt.;dal 4 al 24 luglio e dal 29 mggio al 5 giugno 2011;8,30/13,00-14,30/19,00;8,30/13,00-15,00/19,30;NO;non comunale;1394691,806;4986250,454
POINT (1395913.602 4994087.508);145;LORENZETTI;VIA STRADELLA 36;5;10147;TORINO;011-290551;;;http://www.farmapiemonte.org/trovafarmacie.lasso;sabato o mercoledi' settimane alterne;dall'8 al 28 agosto 2011 e dal 24 aprile al 1° maggio 2011;8,30/13,00-15,00/19,30;8,30/13,00-15,00/19,30;NO;non comunale;1395913,602;4994087,508
POINT (1392046.782 4992791.096);146;LUCENTE;VIA VALENTINO CARRERA 88;4;10146;TORINO;011-726833;;;http://www.farmapiemonte.org/trovafarmacie.lasso;sabato o mercoledi' settimane alterne;dall'11 al 31 luglio 2011 e dal 29 mggio al 5 giugno 2011;9,00/12,30-15,00/19,30;9,00/12,30-15,00/19,30;NO;non comunale;1392046,782;4992791,096
POINT (1393842.932 4994372.917);147;LUCENTO;VIA OGLIANICO 4;5;10149;TORINO;011-732815;;;http://www.farmapiemonte.org/trovafarmacie.lasso;sabato pom./lunedi' matt.;dall'11 al 31 luglio 2011;8,45/13,00-15,00/19,15;8,45/13,00-15,00/19,15;NO;non comunale;1393842,932;4994372,917
POINT (1392926.534 4991508.583);149;MADONNA DEI FIORI;CORSO PESCHIERA 244;3;10139;TORINO;011-3851249;;;http://www.farmapiemonte.org/trovafarmacie.lasso;sabato o mercoledi' settimane alterne;dall'8 al 28 agosto 2011;8,30/13,00-15,30/19,30;8,30/13,00-15,30/19,30;NO;non comunale;1392926,534;4991508,583
POINT (1397200.162 4993825.901);151;MADONNA DELLA PACE;CORSO PALERMO 119;6;10154;TORINO;011-852073;;;http://www.farmapiemonte.org/trovafarmacie.lasso;sabato o mercoledi' settimane alterne;dall'11 al 31 luglio 2011;8,30/12,30-15,30/19,30;8,30/12,30-15,30/19,30;NO;non comunale;1397200,162;4993825,901
POINT (1395911.35 4994449.655);152;MADONNA DELLA SALUTE;PIAZZA DELLA VITTORIA 29;5;10147;TORINO;011-2161594;;;http://www.farmapiemonte.org/trovafarmacie.lasso;sabato o mercoledi' settimane alterne;dall'11 al 31 luglio 2011 e dal 29 mggio al 5 giugno 2011;8,30/13,00-15,00/19,00;8,30/13,00-15,00/19,00;NO;non comunale;1395911,35;4994449,655
POINT (1393684.619 4989516.248);153;MADONNA DELL'AIUTO;VIA TRIPOLI 15;2;10136;TORINO;011-320535;;;http://www.farmapiemonte.org/trovafarmacie.lasso;sabato o mercoledi' settimane alterne;dal 4 al 31 luglio 2011;9,00/13,00-15,30/19,30;9,00/13,00-15,30/19,30;NO;non comunale;1393684,619;4989516,248
POINT (1394006.534 4987632.702);154;MADONNA DELLE ROSE;PIAZZA TANCREDI GALIMBERTI 7;8;10134;TORINO;011-3195700;;;http://www.farmapiemonte.org/trovafarmacie.lasso;sabato o mercoledi' settimane alterne;dall'11 al 31 luglio 2011;8,00-19,30;8,00-19,30;NO;non comunale;1394006,534;4987632,702
POINT (1394903.94 4995564.744);155;MADONNA DI CAMPAGNA;CORSO GROSSETO 256;5;10148;TORINO;011-2267366;;;http://www.farmapiemonte.org/trovafarmacie.lasso;sabato o mercoledi' settimane alterne;dal 4 al 24 luglio 2011;9,00/12,45-15,00/19,15;9,00/12,45-15,00/19,15;NO;non comunale;1394903,94;4995564,744
POINT (1394437.46 4990362.643);156;MAGNO;VIA CRISTOFORO COLOMBO 42;1;10129;TORINO;011-596777;;;http://www.farmapiemonte.org/trovafarmacie.lasso;sabato o mercoledi' settimane alterne;dall'11 al 31 luglio 2011;8,30-19,30;8,45-19,30;NO;non comunale;1394437,46;4990362,643
POINT (1394268.566 4989774.139);159;MARIA CRISTINA s.a.s.;CORSO ALCIDE DE GASPERI 69;1;10129;TORINO;011-596774;;;http://www.farmapiemonte.org/trovafarmacie.lasso;sabato o mercoledi' settimane alterne;dall'11 al 31 luglio 2011;8,30/13,00-15,00/19,30;8,30/13,00-15,30/19,30;NO;non comunale;1394268,566;4989774,139
POINT (1399075.257 4991970.708);160;MARINELLO;CORSO BELGIO 97;7;10153;TORINO;011-8995779;;;http://www.farmapiemonte.org/trovafarmacie.lasso;sabato pom./lunedi' matt.;dall'8 al 28 agosto 2011;Mar/Ven 8,30-19,30 Sab Mat: 8,30/12,30 Lun Pom: 12,30/19,30;Mar/Ven 8,30-19,30 Sab Mat: 8,30/12,30 Lun Pom: 12,30/19,30;NO;non comunale;1399075,257;4991970,708
POINT (1395059.291 4989541.268);161;MAURIZIANA;CORSO FILIPPO TURATI 46;1;10128;TORINO;011-5183302;;;http://www.farmapiemonte.org/trovafarmacie.lasso;sabato o mercoledi' settimane alterne;dal 4 al 24 luglio 2011;9,00/13,00-14,00/18,30;9,00/13,00-14,00/19,00;NO;non comunale;1395059,291;4989541,268
POINT (1394004.142 4989836.009);162;MAZZOLI;CORSO CARLO E NELLO ROSSELLI 106;3;10129;TORINO;011-3182660;;;http://www.farmapiemonte.org/trovafarmacie.lasso;sabato o mercoledi' settimane alterne;dall'8 al 28 agosto 2011;9,00/13,00-15,00/19,30;9,00/13,00-15,00/19,30;NO;non comunale;1394004,142;4989836,009
POINT (1395258.979 4987557.813);163;MILLEFONTI;VIA GENOVA 64;8;10126;TORINO;011-679452;;;http://www.farmapiemonte.org/trovafarmacie.lasso;sabato o mercoledi' settimane alterne;dall'11 al 31 luglio 2011 e dal 29 mggio al 5 giugno 2011;8,30/12,30-15,00/19,00;8,30/12,30-15,30/19,30;NO;non comunale;1395258,979;4987557,813
POINT (1393135.316 4989002.272);164;MINATI;CORSO SEBASTOPOLI 202;2;10136;TORINO;011-350010;;;http://www.farmapiemonte.org/trovafarmacie.lasso;sabato o mercoledi' settimane alterne;dal 1° al 28 agosto 2011;8,30-19,30;8,30-19,30;NO;non comunale;1393135,316;4989002,272
POINT (1392713 4987697.035);166;MIRAFIORI s.n.c.;VIA SANREMO 37;2;10137;TORINO;011-3176888;;;http://www.farmapiemonte.org/trovafarmacie.lasso;sabato o mercoledi' settimane alterne;dal 1° al 28 agosto 2011;8,30/12,30-15,30/19,30;8,30/12,30-15,30/19,30;NO;non comunale;1392713;4987697,035
POINT (1393524.741 4989228.499);167;MODERNA;VIA TRIPOLI 58;2;10136;TORINO;011-396633;;;http://www.farmapiemonte.org/trovafarmacie.lasso;sabato o mercoledi' settimane alterne;dall'8 al 28 agosto 2011 e dal 24 aprile al 1° maggio 2011;8,30/12,30-15,00/19,30;8,30/12,30-15,00/19,30;NO;non comunale;1393524,741;4989228,499
POINT (1394040.843 4986081.672);168;MONARI s.n.c.;CORSO TRAIANO 158;2;10127;TORINO;011-6197358;;;http://www.farmapiemonte.org/trovafarmacie.lasso;sabato pom./lunedi' matt.;dall'8 al 28 agosto 2011;Mar/Ven 8,30-19,30 Sab Mat: 8,30/13,00 Lun Pom: 13,00/19,30;Mar/Ven 8,30-19,30 Sab Mat: 8,30/13,00 Lun Pom: 13,00/19,30;NO;non comunale;1394040,843;4986081,672
POINT (1395126.26 4992990.235);169;MONGE;CORSO REGINA MARGHERITA 218;4;10144;TORINO;011-484756;;;http://www.farmapiemonte.org/trovafarmacie.lasso;sabato o mercoledi' settimane alterne;dall'11 al 31 luglio 2011;8,30/12,30-15,30/19,30;8,30/12,30-15,30/19,30;NO;non comunale;1395126,26;4992990,235
POINT (1392080.271 4991031.169);170;MONGINEVRO;VIA MONGINEVRO 178;3;10141;TORINO;011-706231;;;http://www.farmapiemonte.org/trovafarmacie.lasso;sabato pom./lunedi' matt.;dall'11 al 31 luglio 2011;8,30/12,30-15,00/19,30;9,00/12,30-15,00/19,30;NO;non comunale;1392080,271;4991031,169
POINT (1395125.981 4991421.681);171;MONTANARO;CORSO VINZAGLIO 31;1;10121;TORINO;011-544894;;;http://www.farmapiemonte.org/trovafarmacie.lasso;sabato o mercoledi' settimane alterne;dall'8 al 28 agosto 2011 e dal 24 aprile al 1° maggio 2011;9,00/13,00-15,00/19,00;9,00/13,00-15,00/19,00;NO;non comunale;1395125,981;4991421,681
POINT (1397458.941 4994473.534);172;MONTEROSA s.n.c.;CORSO GIULIO CESARE 158;6;10154;TORINO;011-2422809;;;http://www.farmapiemonte.org/trovafarmacie.lasso;sabato o mercoledi' settimane alterne;dall'11 al 31 luglio 2011;8,30/13,00-15,00/19,30;8,30/13,00-15,30/19,30;NO;non comunale;1397458,941;4994473,534
POINT (1393582.279 4987449.191);173;MONVISO;CORSO EUSEBIO GIAMBONE 19;8;10134;TORINO;011-3175105;;;http://www.farmapiemonte.org/trovafarmacie.lasso;sabato o mercoledi' settimane alterne;dal 4 al 24 luglio e dal 29 mggio al 5 giugno 2011;9,00/12,30-15,00/19,30;8,45/12,45-15,30/19,30;NO;non comunale;1393582,279;4987449,191
POINT (1395730.007 4989722.626);175;NIZZA;VIA NIZZA 65;8;10125;TORINO;011-6699259;;;http://www.farmapiemonte.org/trovafarmacie.lasso;sabato o mercoledi' settimane alterne;dall'8 al 28 agosto 2011 e dal 24 aprile al 1° maggio 2011;9,00/12,30-15,00/19,30;9,00/12,30-15,00/19,30;SI;non comunale;1395730,007;4989722,626
POINT (1398672.025 4994376.356);176;NOVARA;VIA GIOVENALE ANCINA 43;6;10154;TORINO;011-2680999;;;http://www.farmapiemonte.org/trovafarmacie.lasso;sabato o mercoledi' settimane alterne;dall'11 al 31 luglio 2011 e dal 29 mggio al 5 giugno 2011;9,00/12,45-15,15/19,30;9,00/12,45-15,15/19,30;NO;non comunale;1398672,025;4994376,356
POINT (1397680.669 4993168.541);177;OMEOPATICA DABBENE;VIA BOLOGNA 91;6;10154;TORINO;011-284094;;;http://www.farmapiemonte.org/trovafarmacie.lasso;sabato pom./lunedi' matt.;dall'8 al 28 agosto 2011;Mar/Ven 8,30-19,30 Sab Mat: 8,30/14,00 Lun Pom: 14,00/19,30;Mar/Ven 8,30-19,30 Sab Mat: 8,30/14,00 Lun Pom: 14,00/19,30;NO;non comunale;1397680,669;4993168,541
POINT (1397311.52 4991084.916);178;OPERTI;PIAZZA VITTORIO VENETO 11;1;10124;TORINO;011-8179320;;;http://www.farmapiemonte.org/trovafarmacie.lasso;sabato o mercoledi' settimane alterne;dal 4 al 24 luglio e dal 29 mggio al 5 giugno 2011;9,00/13,00-15,00/19,30;9,00/13,00-15,30/19,30;NO;non comunale;1397311,52;4991084,916
POINT (1396405.444 4992145.499);179;ORDINE MAURIZIANO s.a.s.;GALLERIA UMBERTO I 54;1;10122;TORINO;011-4361116;;;http://www.farmapiemonte.org/trovafarmacie.lasso;sabato o mercoledi' settimane alterne;dall'8 al 28 agosto 2011;8,30/13,00-15,00/19,00;8,30/13,00-15,00/19,00;NO;non comunale;1396405,444;4992145,499
POINT (1392217.669 4985995.872);180;OTTONE;CORSO UNIONE SOVIETICA 491;2;10135;TORINO;011-343590;;;http://www.farmapiemonte.org/trovafarmacie.lasso;sabato o mercoledi' settimane alterne;dall'11 al 31 luglio 2011 e dal 29 mggio al 5 giugno 2011;9,00/12,30-15,00/19,30;9,00/12,30-15,00/19,30;NO;non comunale;1392217,669;4985995,872
POINT (1396269.166 4992432.834);181;PALATINA;CORSO REGINA MARGHERITA 134;7;10152;TORINO;011-5213242;;;http://www.farmapiemonte.org/trovafarmacie.lasso;sabato o mercoledi' settimane alterne;dall'11 al 31 luglio 2011;8,45/12,30-15,00/19,15;8,45/12,30-15,00/19,15;NO;non comunale;1396269,166;4992432,834
POINT (1392527.471 4992874.311);182;PARELLA;VIA CARLO CAPELLI 67;4;10146;TORINO;011-7795984;;;http://www.farmapiemonte.org/trovafarmacie.lasso;sabato o mercoledi' settimane alterne;dall'8 al 28 agosto 2011;8,30-19,30;8,30-19,30;NO;non comunale;1392527,471;4992874,311
POINT (1391289.949 4991638.657);183;PARINI s.n.c.;VIA FRANCESCO DE SANCTIS 60;3;10142;TORINO;011-7793197;;;http://www.farmapiemonte.org/trovafarmacie.lasso;sabato pom./lunedi' matt.;dall'8 al 28 agosto 2011 e dal 24 aprile al 1° maggio 2011;8,30/12,30-15,00/19,30;8,30/12,30-15,00/19,30;NO;non comunale;1391289,949;4991638,657
POINT (1395783.585 4991724.267);184;PENSA;VIA CERNAIA 14;1;10122;TORINO;011-545009;;;http://www.farmapiemonte.org/trovafarmacie.lasso;sabato o mercoledi' settimane alterne;dall'11 al 31 luglio 2011;8,30-19,30;8,15/14,00-15,30/19,30;NO;non comunale;1395783,585;4991724,267
POINT (1392244.495 4991844.757);185;PESCHIERA;CORSO PESCHIERA 295;3;10141;TORINO;011-7793840;;;http://www.farmapiemonte.org/trovafarmacie.lasso;sabato o mercoledi' settimane alterne;dall'11 al 31 luglio 2011;8,30/12,30-15,00/19,30;8,30/12,30-15,00/19,30;NO;non comunale;1392244,495;4991844,757
POINT (1391441.066 4992151.683);186;PIAZZA MASSAUA;PIAZZA MASSAUA 1;3;10141;TORINO;011-7793308;;;http://www.farmapiemonte.org/trovafarmacie.lasso;sabato o mercoledi' settimane alterne;dal 1° al 28 agosto 2011;9,00/12,30-15,00/19,30;9,00/12,30-15,00/19,30;SI;non comunale;1391441,066;4992151,683
POINT (1394794.877 4994899.111);187;PIAZZA VILLARI;VIA FOLIGNO 69;5;10149;TORINO;011-2296124;;;http://www.farmapiemonte.org/trovafarmacie.lasso;sabato o mercoledi' settimane alterne;dall'8 al 28 agosto 2011 e dal 24 aprile al 1° maggio 2011;8,30-19,30;8,30-19,30;NO;non comunale;1394794,877;4994899,111
POINT (1392320.268 4995483.578);188;PICCARDO;VIA DELLE VERBENE 11;5;10151;TORINO;011-7391292;;;http://www.farmapiemonte.org/trovafarmacie.lasso;sabato o mercoledi' settimane alterne;dall'11 al 31 luglio 2011 e dal 29 mggio al 5 giugno 2011;8,30/12,45-15,30/19,15;8,30/12,45-15,30/19,15;NO;non comunale;1392320,268;4995483,578
POINT (1395564.425 4990185.599);189;PICCO;VIA PAOLO SACCHI 46;1;10128;TORINO;011-5817629;;;http://www.farmapiemonte.org/trovafarmacie.lasso;sabato pom./lunedi' matt.;dall'11 al 31 luglio 2011;Mar/Ven 9,00-19,30 Sab Mat: 9,00/13,00 Lun Pom: 13,00/19,30;Mar/Ven 9,00-19,30 Sab Mat: 9,00/13,00 Lun Pom: 13,00/19,30;NO;non comunale;1395564,425;4990185,599
POINT (1393712.346 4994873.86);190;PIEMONTE s.a.s.;CORSO TOSCANA 107;5;10151;TORINO;011-7392917;;;http://www.farmapiemonte.org/trovafarmacie.lasso;sabato o mercoledi' settimane alterne;dall'11 al 31 luglio 2011 e dal 29 mggio al 5 giugno 2011;9,00/12,30-14,30/19,00;9,00/12,30-14,30/19,00;NO;non comunale;1393712,346;4994873,86
POINT (1391782.905 4993086.151);191;PIETRO COSSA s.n.c.;VIA PIETRO COSSA 106;4;10146;TORINO;011-725625;;;http://www.farmapiemonte.org/trovafarmacie.lasso;sabato pom./lunedi' matt.;dal 4 al 24 luglio e dal 29 mggio al 5 giugno 2011;8,30/12,30-15,00/19,30;8,30/12,30-15,00/19,30;NO;non comunale;1391782,905;4993086,151
POINT (1396172.916 4987946.104);192;PILONETTO;CORSO MONCALIERI 257;8;10133;TORINO;011-6614444;;;http://www.farmapiemonte.org/trovafarmacie.lasso;sabato pom./lunedi' matt.;dall'8 al 28 agosto 2011;9,00/13,00-15,30/19,30;9,00/13,00-15,30/19,30;NO;non comunale;1396172,916;4987946,104
POINT (1392473.122 4988219.848);193;PITAGORA s.n.c.;PIAZZA PITAGORA 9;2;10137;TORINO;011-3093185;;;http://www.farmapiemonte.org/trovafarmacie.lasso;sabato o mercoledi' settimane alterne;dall'8 al 28 agosto 2011 e dal 24 aprile al 1° maggio 2011;9,00/12,30-15,00/19,30;9,00/12,30-15,00/19,30;NO;non comunale;1392473,122;4988219,848
POINT (1396720.623 4991541.566);194;PO;VIA PO 4;1;10123;TORINO;011-889590;;;http://www.farmapiemonte.org/trovafarmacie.lasso;sabato o mercoledi' settimane alterne;dall'11 al 31 luglio 2011;9,00/14,00-14,30/19,00;9,00/14,00-14,30/19,00;NO;non comunale;1396720,623;4991541,566
POINT (1397249.952 4994752.344);195;POLICLINICO;VIA SEMPIONE 112;6;10155;TORINO;011-2053235;;;http://www.farmapiemonte.org/trovafarmacie.lasso;sabato o mercoledi' settimane alterne;dall'8 al 28 agosto 2011;8,30-19,30;8,30-19,30;NO;non comunale;1397249,952;4994752,344
POINT (1397459.199 4991299.971);196;PORINELLI;CORSO S. MAURIZIO 67;7;10124;TORINO;011-8177628;;;http://www.farmapiemonte.org/trovafarmacie.lasso;sabato o mercoledi' settimane alterne;dal 4 al 24 luglio 2011;8,30/13,00-15,00/19,30;8,30/13,00-15,00/19,30;NO;non comunale;1397459,199;4991299,971
POINT (1397586.627 4994856.619);197;PORPORA s.n.c.;VIA NICOLA PORPORA 41;6;10155;TORINO;011-2463287;;;http://www.farmapiemonte.org/trovafarmacie.lasso;sabato o mercoledi' settimane alterne;dall'8 al 28 agosto 2011 e dal 24 aprile al 1° maggio 2011;8,30/13,00-15,00/19,00;8,30/13,00-15,30/19,30;NO;non comunale;1397586,627;4994856,619
POINT (1395874.692 4990776.694);198;PORTA NUOVA;VIA PAOLO SACCHI 4;1;10128;TORINO;011-545372;;;http://www.farmapiemonte.org/trovafarmacie.lasso;sabato o mercoledi' settimane alterne;dall'8 al 28 agosto 2011;8,00-19,30;8,00-19,3;NO;non comunale;1395874,692;4990776,694
POINT (1396461.964 4992485.594);199;PORTA PALAZZO;PIAZZA DELLA REPUBBLICA 21;7;10152;TORINO;011-5211972;;;http://www.farmapiemonte.org/trovafarmacie.lasso;sabato o mercoledi' settimane alterne;dall'8 al 28 agosto 2011;8,30-19,00;8,30-19,00;NO;non comunale;1396461,964;4992485,594
POINT (1395152.07 4992307.921);200;PORTA SUSA s.n.c.;CORSO FRANCIA 1;3;10138;TORINO;011-4343515;;;http://www.farmapiemonte.org/trovafarmacie.lasso;sabato pom./lunedi' matt.;dall'8 al 28 agosto 2011;Mar/Ven 8,30-19,30 Sab Mat: 8,30/12,30 Lun Pom: 12,30/19,30;Mar/Ven 8,30-19,30 Sab Mat: 8,30/12,30 Lun Pom: 12,30/19,30;NO;non comunale;1395152,07;4992307,921
POINT (1396234.826 4990035.136);201;PORTIS;VIA MADAMA CRISTINA 37;8;10125;TORINO;011-6699385;;;http://www.farmapiemonte.org/trovafarmacie.lasso;sabato o mercoledi' settimane alterne;dal 1° al 28 agosto 2011;8,30/13,00-15,30/19,30;8,30/13,00-15,30/19,30;NO;non comunale;1396234,826;4990035,136
POINT (1392024.82 4992182.107);202;POZZO STRADA s.n.c.;CORSO FRANCIA 273;3;10139;TORINO;011-726773;;;http://www.farmapiemonte.org/trovafarmacie.lasso;sabato o mercoledi' settimane alterne;dal 1° al 28 agosto 2011;9,00/13,00-15,30/19,30;9,00/13,00-15,30/19,30;NO;non comunale;1392024,82;4992182,107
POINT (1395370.108 4990542.578);203;RE UMBERTO s.n.c.;CORSO RE UMBERTO 38;1;10128;TORINO;011-545690;;;http://www.farmapiemonte.org/trovafarmacie.lasso;sabato o mercoledi' settimane alterne;dal 4 al 24 luglio 2011;9,00/13,30-15,00/19,30;9,00/13,30-15,00/19,30;NO;non comunale;1395370,108;4990542,578
POINT (1396413.914 4991383.69);204;REGIA FARMACIA MASINO;VIA MARIA VITTORIA 3;1;10123;TORINO;011-542067;;;http://www.farmapiemonte.org/trovafarmacie.lasso;sabato o mercoledi' settimane alterne;dall'8 al 28 agosto 2011;8,30-19,30;8,30-19,30;NO;non comunale;1396413,914;4991383,69
POINT (1396473.64 4991929.615);205;REGIA FARMACIA XX SETTEMBRE;VIA VENTI SETTEMBRE 87;1;10122;TORINO;011-4360740;;;http://www.farmapiemonte.org/trovafarmacie.lasso;sabato pom./lunedi' matt.;dal 4 al 24 luglio 2011;9,00/13,00-15,00/19,00;9,00/13,00-15,30/19,30;NO;non comunale;1396473,64;4991929,615
POINT (1392549.949 4994411.21);206;REGINA MARGHERITA;VIA PIETRO COSSA 280 int. 2;5;10151;TORINO;011-4559904;;;http://www.farmapiemonte.org/trovafarmacie.lasso;sabato o mercoledi' settimane alterne;dall'11 al 31 luglio 2011;9,00/12,30-15,00/19,30;9,00/12,30-15,00/19,30;NO;non comunale;1392549,949;4994411,21
POINT (1393478.527 4992753.331);208;RINETTI;CORSO LECCE 31;4;10145;TORINO;011-7496040;;;http://www.farmapiemonte.org/trovafarmacie.lasso;sabato pom./lunedi' matt.;dall'11 al 31 luglio 2011;9,00/12,30-15,00/19,30;9,00/12,30-15,00/19,30;NO;non comunale;1393478,527;4992753,331
POINT (1393189.634 4987758.144);209;ROAGNA s.n.c.;CORSO GIOVANNI AGNELLI 117;2;10134;TORINO;011-3175151;;;http://www.farmapiemonte.org/trovafarmacie.lasso;sabato pom./lunedi' matt.;dall'8 al 28 agosto 2011 e dal 24 aprile al 1° maggio 2011;8,30/12,30-15,00/19,00;8,30/12,30-15,00/19,30;NO;non comunale;1393189,634;4987758,144
POINT (1391624.208 4986266.172);210;ROATIS;VIA PRAMOLLO 6;2;10135;TORINO;011-3979279;;;http://www.farmapiemonte.org/trovafarmacie.lasso;sabato o mercoledi' settimane alterne;dall'11 al 31 luglio 2011 e dal 29 mggio al 5 giugno 2011;8,30/12,30-15,15/19,15;8,30/12,30-15,15/19,15;NO;non comunale;1391624,208;4986266,172
POINT (1396791.884 4994307.272);211;ROBINO;VIA PIER LUIGI PALESTRINA 49;6;10155;TORINO;011-855966;;;http://www.farmapiemonte.org/trovafarmacie.lasso;sabato o mercoledi' settimane alterne;dall'8 al 28 agosto 2011 e dal 24 aprile al 1° maggio 2011;9,00/12,30-15,00/19,30;9,00/12,30-15,00/19,30;NO;non comunale;1396791,884;4994307,272
POINT (1392680.265 4988512.16);212;ROGNONE;CORSO ORBASSANO 216;2;10137;TORINO;011-3294411;;;http://www.farmapiemonte.org/trovafarmacie.lasso;sabato o mercoledi' settimane alterne;dal 1° al 28 agosto 2011;9,00/12,30-15,00/19,30;9,00/12,30-15,00/19,30;NO;non comunale;1392680,265;4988512,16
POINT (1392799.843 4992800.234);213;ROSSANO;CORSO MONTE GRAPPA 55;4;10146;TORINO;011-7715122;;;http://www.farmapiemonte.org/trovafarmacie.lasso;sabato o mercoledi' settimane alterne;dal 4 al 24 luglio 2011;8,45/12,30-15,15/19,30;8,45/12,30-15,15/19,30;NO;non comunale;1392799,843;4992800,234
POINT (1395561.3 4989155.787);214;SACRO CUORE s.n.c.;VIA NIZZA 115/D;8;10126;TORINO;011-6698355;;;http://www.farmapiemonte.org/trovafarmacie.lasso;sabato o mercoledi' settimane alterne;dall'11 al 31 luglio 2011;9,00-19,00;9,00-19,00;NO;non comunale;1395561,3;4989155,787
POINT (1392580.211 4991913.948);215;SAN BENEDETTO;VIA BARDONECCHIA 114;3;10139;TORINO;011-7710235;;;http://www.farmapiemonte.org/trovafarmacie.lasso;sabato o mercoledi' settimane alterne;dal 1° al 28 agosto 2011;9,00/12,30-15,00/19,30;9,00/12,30-15,00/19,30;NO;non comunale;1392580,211;4991913,948
POINT (1393419.819 4990586.257);216;SAN BERNARDINO s.n.c.;VIA PAOLO BRACCINI 101;3;10141;TORINO;011-3859726;;;http://www.farmapiemonte.org/trovafarmacie.lasso;sabato pom./lunedi' matt.;dall'8 al 28 agosto 2011;8,45/12,30-15,00/19,15;8,45/12,30-15,00/19,15;NO;non comunale;1393419,819;4990586,257
POINT (1396329.831 4991234.054);218;SAN CARLO;VIA GIOVANNI GIOLITTI 2;1;10123;TORINO;011-547914;;;http://www.farmapiemonte.org/trovafarmacie.lasso;sabato o mercoledi' settimane alterne;dall'11 al 31 luglio 2011;9,00-19,00;9,00-19,00;NO;non comunale;1396329,831;4991234,054
POINT (1391800.891 4985488.622);220;SAN DOMENICO;CORSO UNIONE SOVIETICA 585;2;10135;TORINO;011-341157;;;http://www.farmapiemonte.org/trovafarmacie.lasso;sabato pom./lunedi' matt.;dall'8 al 28 agosto 2011;8,30/12,30-15,00/19,00;8,30/12,30-15,30/19,30;NO;non comunale;1391800,891;4985488,622
POINT (1394704.247 4992887.286);221;SAN DONATO;VIA S. DONATO 55;4;10144;TORINO;011-480970;;;http://www.farmapiemonte.org/trovafarmacie.lasso;sabato o mercoledi' settimane alterne;dall'8 al 28 agosto 2011 e dal 24 aprile al 1° maggio 2011;8,30-19,30;8,30-19,30;NO;non comunale;1394704,247;4992887,286
POINT (1395140.013 4995154.308);222;SAN FABIO s.a.s.;VIA STRADELLA 198;5;10147;TORINO;011-290449;;;http://www.farmapiemonte.org/trovafarmacie.lasso;sabato pom./lunedi' matt.;dall'8 al 28 agosto 2011 e dal 24 aprile al 1° maggio 2011;8,30/12,30-15,00/19,00;8,30/12,30-15,00/19,00;NO;non comunale;1395140,013;4995154,308
POINT (1396768.879 4991323.583);223;SAN FRANCESCO DA PAOLA;VIA S. FRANCESCO DA PAOLA 10;1;10123;TORINO;011-8170340;;;http://www.farmapiemonte.org/trovafarmacie.lasso;sabato o mercoledi' settimane alterne;dal 4 al 24 luglio e dal 29 mggio al 5 giugno 2011;9,00/13,00-15,30/19,30;9,00/13,00-15,30/19,30;NO;non comunale;1396768,879;4991323,583
POINT (1395063.692 4986939.494);224;SAN GIACOMO s.a.s.;VIA GENOVA 122;8;10126;TORINO;011-6632473;;;http://www.farmapiemonte.org/trovafarmacie.lasso;sabato o mercoledi' settimane alterne;dall'11 al 31 luglio 2011;9,00/13,00-15,30/19,30;9,00/13,00-15,30/19,30;NO;non comunale;1395063,692;4986939,494
POINT (1392539.889 4987891.976);225;SAN GIORGIO;PIAZZA DANTE LIVIO BIANCO 10;2;10137;TORINO;011-3095197;;;http://www.farmapiemonte.org/trovafarmacie.lasso;sabato o mercoledi' settimane alterne;dall'11 al 31 luglio 2011;9,00/13,00-15,30/19,30;9,00/13,00-15,30/19,30;NO;non comunale;1392539,889;4987891,976
POINT (1393228.692 4991671.143);226;SAN GIOVANNI s.a.s.;VIA FREJUS 97;3;10139;TORINO;011-331656;;;http://www.farmapiemonte.org/trovafarmacie.lasso;sabato o mercoledi' settimane alterne;dall'11 al 31 luglio 2011;8,30/13,00-14,45/19,30;8,30/13,00-14,45/19,30;NO;non comunale;1393228,692;4991671,143
POINT (1396540.646 4990732.009);227;SAN MARCO;VIA GIUSEPPE MAZZINI 24;1;10123;TORINO;011-835240;;;http://www.farmapiemonte.org/trovafarmacie.lasso;sabato o mercoledi' settimane alterne;dall'11 al 31 luglio 2011;9,00/13,00-15,00/19,30;9,00/13,00-15,00/19,30;NO;non comunale;1396540,646;4990732,009
POINT (1397893.706 4995003.573);228;SAN MICHELE;CORSO TARANTO 15;6;10154;TORINO;011-264990;;;http://www.farmapiemonte.org/trovafarmacie.lasso;sabato pom./lunedi' matt.;dall'11 al 31 luglio 2011;8,30/12,45-15,15/19,15;8,30/12,45-15,15/19,15;NO;non comunale;1397893,706;4995003,573
POINT (1392508.023 4989090.172);230;SAN PIETRO;CORSO SIRACUSA 87;2;10137;TORINO;011-360994;;;http://www.farmapiemonte.org/trovafarmacie.lasso;sabato o mercoledi' settimane alterne;dall'8 al 28 agosto 2011;9,00/13,00-15,00/19,30;9,00/13,00-15,00/19,30;NO;non comunale;1392508,023;4989090,172
POINT (1395832.316 4995418.439);231;SAN ROCCO;CORSO GROSSETO 165;5;10147;TORINO;011-210866;;;http://www.farmapiemonte.org/trovafarmacie.lasso;sabato o mercoledi' settimane alterne;dall'8 al 28 agosto 2011 e dal 24 aprile al 1° maggio 2011;8,30/12,30-15,00/19,30;8,30/12,30-15,00/19,30;NO;non comunale;1395832,316;4995418,439
POINT (1395921.853 4990339.95);233;SAN SALVATORE;VIA NIZZA 27;8;10125;TORINO;011-6699926;;;http://www.farmapiemonte.org/trovafarmacie.lasso;sabato pom./lunedi' matt.;dall'11 al 31 luglio 2011 e dal 29 mggio al 5 giugno 2011;9,00/12,45-15,15/19,30;9,00/12,45-15,15/19,30;NO;non comunale;1395921,853;4990339,95
POINT (1395737.314 4990711.098);234;SAN SECONDO;VIA S. SECONDO 9;1;10128;TORINO;011-545677;;;http://www.farmapiemonte.org/trovafarmacie.lasso;sabato o mercoledi' settimane alterne;dall'11 al 31 luglio 2011;8,45/13,15-14,00/19,30;8,45/13,15-14,00/19,30;NO;non comunale;1395737,314;4990711,098
POINT (1396314.701 4991804.909);235;SAN SIMONE;VIA S. TOMMASO 2;1;10122;TORINO;011-5628143;;;http://www.farmapiemonte.org/trovafarmacie.lasso;Lunedi;dal 1° al 21 agosto 2011;9,00/13,00-15,00/19,00;9,00/13,00-15,30/19,30;NO;non comunale;1396314,701;4991804,909
POINT (1393094.795 4995141.418);236;SANSOVINO;CORSO TOSCANA 185;5;10151;TORINO;011-735350;;;http://www.farmapiemonte.org/trovafarmacie.lasso;sabato o mercoledi' settimane alterne;dall'8 al 28 agosto 2011 e dal 24 aprile al 1° maggio 2011;9,00/12,30-15,00/19,30;9,00/12,30-15,00/19,30;NO;non comunale;1393094,795;4995141,418
POINT (1395598.946 4991820.485);237;SANTA BARBARA;VIA CERNAIA 24;1;10122;TORINO;011-542875;;;http://www.farmapiemonte.org/trovafarmacie.lasso;sabato pom./lunedi' matt.;dall'8 al 28 agosto 2011;Mar/Ven 9,00-19,30 Sab Mat: 9,00/12,30 Lun Pom: 12,30/19,30;Mar/Ven 9,00-19,30 Sab Mat: 9,00/12,30 Lun Pom: 12,30/19,30;NO;non comunale;1395598,946;4991820,485
POINT (1394820.303 4995179.922);238;SANTA CHIARA s.n.c.;VIA BORGARO 103;5;10149;TORINO;011-218217;;;http://www.farmapiemonte.org/trovafarmacie.lasso;sabato pom./lunedi' matt.;dall'11 al 31 luglio 2011;9,00/12,30-15,00/19,30;9,00/12,30-15,00/19,30;NO;non comunale;1394820,303;4995179,922
POINT (1399693.154 4991535.97);239;SANTA CROCE;CORSO CASALE 204;7;10132;TORINO;011-8995586;;;http://www.farmapiemonte.org/trovafarmacie.lasso;sabato o mercoledi' settimane alterne;dall'8 al 28 agosto 2011;8,30/13,00-15,30/19,30;8,30/13,00-15,30/19,30;NO;non comunale;1399693,154;4991535,97
POINT (1396433.493 4995415.514);240;SANTA ELISABETTA s.a.s.;CORSO GROSSETO 66;5;10148;TORINO;011-2202286;;;http://www.farmapiemonte.org/trovafarmacie.lasso;sabato pom./lunedi' matt.;dall'8 al 28 agosto 2011 e dal 24 aprile al 1° maggio 2011;8,45/12,45-15,00/19,00;8,45/12,45-15,00/19,00;NO;non comunale;1396433,493;4995415,514
POINT (1395176.516 4987234.322);241;SANTA GEMMA;VIA GENOVA 89;8;10126;TORINO;011-6963961;;;http://www.farmapiemonte.org/trovafarmacie.lasso;sabato o mercoledi' settimane alterne;dall'8 al 28 agosto 2011 e dal 24 aprile al 1° maggio 2011;9,00/12,30-15,00/19,30;9,00/12,30-15,00/19,30;NO;non comunale;1395176,516;4987234,322
POINT (1397518.018 4991591.679);242;SANTA GIULIA;VIA S. GIULIA 38;7;10124;TORINO;011-8177608;;;http://www.farmapiemonte.org/trovafarmacie.lasso;sabato pom./lunedi' matt.;dall'11 al 31 luglio 2011;8,30/13,00-15,00/19,30;8,30/13,00-15,00/19,30;NO;non comunale;1397518,018;4991591,679
POINT (1396743.248 4992201.343);243;SANTA GIUSTINA;CORSO REGINA MARGHERITA 114;7;10152;TORINO;011-5215445;;;http://www.farmapiemonte.org/trovafarmacie.lasso;sabato pom./lunedi' matt.;dall'11 al 31 luglio 2011 e dal 29 mggio al 5 giugno 2011;8,30/13,00-15,00/19,00;9,00/13,00-15,30/19,00;NO;non comunale;1396743,248;4992201,343
POINT (1393244.95 4992882.892);244;SANTA MARTA;VIA NICOLA FABRIZI 102;4;10145;TORINO;011-740708;;;http://www.farmapiemonte.org/trovafarmacie.lasso;sabato o mercoledi' settimane alterne;dall'8 al 28 agosto 2011 e dal 24 aprile al 1° maggio 2011;8,3,-19,30;8,30-19,30;NO;non comunale;1393244,95;4992882,892
POINT (1395883.543 4989396.278);245;SANTA MATILDE;VIA MADAMA CRISTINA 78;8;10126;TORINO;011-6699543;;;http://www.farmapiemonte.org/trovafarmacie.lasso;sabato o mercoledi' settimane alterne;dal 1° al 28 agosto 2011;8,45/12,30-15,00/19,15;8,45/12,30-15,15/19,30;NO;non comunale;1395883,543;4989396,278
POINT (1393609.87 4988716.49);246;SANTA RITA s.n.c.;CORSO SEBASTOPOLI 143;2;10137;TORINO;011-393083;;;http://www.farmapiemonte.org/trovafarmacie.lasso;sabato o mercoledi' settimane alterne;dall'11 al 31 luglio 2011;8,30/12,30-15,00/19,00;8,30/12,30-15,30/19,30;NO;non comunale;1393609,87;4988716,49
POINT (1393932.469 4991428.294);247;SANTA ROSA;VIA DANTE DI NANNI 42;3;10139;TORINO;011-4336417;;;http://www.farmapiemonte.org/trovafarmacie.lasso;sabato o mercoledi' settimane alterne;dal 4 al 31 luglio 2011;9,00/12,30-15,00/19,30;9,00/13,00-15,30/19,30;NO;non comunale;1393932,469;4991428,294
POINT (1394645.049 4985918.503);248;SANTA ROSALIA;CORSO PIERO MARONCELLI 28;8;10127;TORINO;011-6963349;;;http://www.farmapiemonte.org/trovafarmacie.lasso;sabato o mercoledi' settimane alterne;dal 1° al 28 agosto 2011;8,45/12,30-15,00/19,30;8,45/12,30-15,00/19,30;NO;non comunale;1394645,049;4985918,503
POINT (1392327.175 4989411.826);249;SANTA SILVIA s.n.c.;CORSO SEBASTOPOLI 298;2;10136;TORINO;011-322457;;;http://www.farmapiemonte.org/trovafarmacie.lasso;sabato pom./lunedi' matt.;dall'8 al 28 agosto 2011 e dal 24 aprile al 1° maggio 2011;Mar/Ven 8,45-19,30 Sab Mat: 8,45/13,00 Lun Pom: 13,00/19,30;Mar/Ven 8,45-19,30 Sab Mat: 8,45/13,00 Lun Pom: 13,00/19,30;NO;non comunale;1392327,175;4989411,826
POINT (1394167.022 4994910.571);250;SANTA TERESA;VIA GIOSUE' BORSI 114;5;10149;TORINO;011-734382;;;http://www.farmapiemonte.org/trovafarmacie.lasso;sabato o mercoledi' settimane alterne;dal 1° al 28 agosto 2011;8,30/12,30-15,15/19,15;8,30/12,30-15,15/19,15;NO;non comunale;1394167,022;4994910,571
POINT (1394775.561 4992611.309);251;SANTA ZITA;VIA LUIGI CIBRARIO 33;4;10143;TORINO;011-4371816;;;http://www.farmapiemonte.org/trovafarmacie.lasso;sabato o mercoledi' settimane alterne;dall'8 al 28 agosto 2011;8,30/13,00-14,30/19,30;8,30/13,00-14,30/19,30;NO;non comunale;1394775,561;4992611,309
POINT (1399885.084 4994870.376);252;SANT'AGNESE;STRADA S. MAURO 35;6;10156;TORINO;011-2730056;;;http://www.farmapiemonte.org/trovafarmacie.lasso;sabato o mercoledi' settimane alterne;dall'11 al 31 luglio 2011;8,45/12,30-15,00/19,15;8,45/12,30-15,00/19,15;NO;non comunale;1399885,084;4994870,376
POINT (1394266.367 4993226.441);253;SANT'ALFONSO;CORSO ALESSANDRO TASSONI 66;4;10144;TORINO;011-4376728;;;http://www.farmapiemonte.org/trovafarmacie.lasso;sabato o mercoledi' settimane alterne;dal 1° al 28 agosto 2011;9,00/12,30-15,00/19,30;9,00/12,30-15,00/19,30;NO;non comunale;1394266,367;4993226,441
POINT (1395283.964 4990084.75);254;SANT'ANNA;CORSO GERMANO SOMMEILLER 31;1;10128;TORINO;011-5683523;;;http://www.farmapiemonte.org/trovafarmacie.lasso;sabato o mercoledi' settimane alterne;dall'8 al 28 agosto 2011 e dal 24 aprile al 1° maggio 2011;8,30/13,00-15,00/19,30;8,30/13,00-15,00/19,30;NO;non comunale;1395283,964;4990084,75
POINT (1394838.145 4991382.873);255;SANT'ANTONIO;CORSO VITTORIO EMANUELE II 121;1;10128;TORINO;011-541200;;;http://www.farmapiemonte.org/trovafarmacie.lasso;sabato pom./lunedi' matt.;dall'11 al 31 luglio 2011;8,30/13,00-15,00/19,30;8,30/13,00-15,00/19,30;NO;non comunale;1394838,145;4991382,873
POINT (1393886.526 4987952.888);257;SANT'ERALDO s.n.c.;VIA ARNALDO DA BRESCIA 25;8;10134;TORINO;011-3192292;;;http://www.farmapiemonte.org/trovafarmacie.lasso;sabato pom./lunedi' matt.;dal 4 al 24 luglio 2011;Mar/Ven 8,30/19,30 Sab Mat: 8,30/12,30 Lun Pom: 12,30/19,30;Mar/Ven 8,30/19,30 Sab Mat: 8,30/12,30 Lun Pom: 12,30/19,30;NO;non comunale;1393886,526;4987952,888
POINT (1397296.826 4995101.086);258;SANTI ANGELI CUSTODI;CORSO VERCELLI 195;6;10155;TORINO;011-2464437;;;http://www.farmapiemonte.org/trovafarmacie.lasso;sabato o mercoledi' settimane alterne;dal 4 al 24 luglio 2011;8,30/13,00-15,15/19,15;8,30/13,00-15,30/19,30;NO;non comunale;1397296,826;4995101,086
POINT (1392045.283 4988152.296);259;SANTI COSMA E DAMIANO;PIAZZA OMERO 16;2;10137;TORINO;011-3112577;;;http://www.farmapiemonte.org/trovafarmacie.lasso;sabato o mercoledi' settimane alterne;dall'11 al 31 luglio 2011 e dal 29 mggio al 5 giugno 2011;8,30/13,00-15,00/19,30;8,30/13,00-15,00/19,30;NO;non comunale;1392045,283;4988152,296
POINT (1394843.531 4994587.243);260;SARDI;VIA BORGARO 58;5;10149;TORINO;011-296569;;;http://www.farmapiemonte.org/trovafarmacie.lasso;sabato o mercoledi' settimane alterne;dall'11 al 31 luglio 2011 e dal 29 mggio al 5 giugno 2011;8,30-19,30;8,30-19,30;NO;non comunale;1394843,531;4994587,243
POINT (1400210.626 4992593.122);261;SASSI;CORSO CASALE 316;7;10132;TORINO;011-8980155;;;http://www.farmapiemonte.org/trovafarmacie.lasso;sabato pom./lunedi' matt.;dal 1° al 28 agosto 2011;8,30/12,30-14,00/19,30;8,30/12,30-14,00/19,30;NO;non comunale;1400210,626;4992593,122
POINT (1392584.147 4991059.374);262;SBURLATI;VIA MONGINEVRO 126;3;10141;TORINO;011-389276;;;http://www.farmapiemonte.org/trovafarmacie.lasso;sabato o mercoledi' settimane alterne;dal 1° al 28 agosto 2011;8,30/13,00-15,00/19,00;8,30/13,00-15,00/19,00;NO;non comunale;1392584,147;4991059,374
POINT (1397292.422 4994128.56);264;SEMPIONE;CORSO GIULIO CESARE 118;6;10154;TORINO;011-2482096;;;http://www.farmapiemonte.org/trovafarmacie.lasso;sabato pom./lunedi' matt.;dall'8 al 28 agosto 2011;9,00/12,30-14,45/19,15;9,00/12,30-15,00/19,30;NO;non comunale;1397292,422;4994128,56
POINT (1394049.441 4985465.109);265;SENNACHERIBBO;VIA CANDIOLO 31;2;10127;TORINO;011-6067126;;;http://www.farmapiemonte.org/trovafarmacie.lasso;sabato o mercoledi' settimane alterne;dal 4 al 31 luglio 2011;9,00/12,30-15,00/19,30;9,00/12,30-15,00/19,30;NO;non comunale;1394049,441;4985465,109
POINT (1393543.896 4993088.862);266;SERRAVALLE;VIA MICHELE LESSONA 29;4;10145;TORINO;011-748905;;;http://www.farmapiemonte.org/trovafarmacie.lasso;sabato o mercoledi' settimane alterne;dall'11 al 31 luglio 2011 e dal 29 mggio al 5 giugno 2011;8,45/12,45-15,15/19,15;8,45/12,45-15,15/19,15;NO;non comunale;1393543,896;4993088,862
POINT (1398319.13 4991802.262);268;SQUILLARIO;CORSO BELGIO 41;7;10153;TORINO;011-888098;;;http://www.farmapiemonte.org/trovafarmacie.lasso;sabato pom./lunedi' matt.;dal 1° al 28 agosto 2011;8,45/12,45-15,00/19,30;8,45/12,45-15,00/19,30;NO;non comunale;1398319,13;4991802,262
POINT (1392700.609 4986583.594);269;STEFFANONE;CORSO UNIONE SOVIETICA 397;8;10135;TORINO;011-614220;;;http://www.farmapiemonte.org/trovafarmacie.lasso;sabato pom./lunedi' matt.;dall'8 al 28 agosto 2011;Mar/Ven 8,30/19,15 Sab Mat: 8,30/12,30 Lun Pom: 12,30/19,15;Mar/Ven 8,30/19,15 Sab Mat: 8,30/12,30 Lun Pom: 12,30/19,15;NO;non comunale;1392700,609;4986583,594
POINT (1393809.292 4992737.042);270;STROPPIANA;CORSO SVIZZERA 42;4;10143;TORINO;011-7496064;;;http://www.farmapiemonte.org/trovafarmacie.lasso;sabato o mercoledi' settimane alterne;dall'8 al 28 agosto 2011;8,30/12,30-15,30/19,30;8,30/12,30-15,30/19,30;NO;non comunale;1393809,292;4992737,042
POINT (1398525.368 4991192.555);271;SUBALPINA;VIA CASTELNUOVO 5;7;10132;TORINO;011-8195566;;;http://www.farmapiemonte.org/trovafarmacie.lasso;sabato pom./lunedi' matt.;dal 4 al 24 luglio e dal 29 mggio al 5 giugno 2011;9,00/13,00-15,00/19,30;8,30/13,00-15,30/19,30;NO;non comunale;1398525,368;4991192,555
POINT (1392607.258 4992252.149);272;TESORIERA;CORSO FRANCIA 212;4;10146;TORINO;011-740375;;;http://www.farmapiemonte.org/trovafarmacie.lasso;sabato o mercoledi' settimane alterne;dal 4 al 31 luglio 2011;9,00/12,30-15,00/19,30;9,00/12,30-15,00/19,30;NO;non comunale;1392607,258;4992252,149
POINT (1395161.17 4987860.013);273;TETTI FRE';VIA NIZZA 214;8;10126;TORINO;011-6963523;;;http://www.farmapiemonte.org/trovafarmacie.lasso;sabato o mercoledi' settimane alterne;dal 1° al 21 agosto e dal 24 aprile al 1° maggio 2011;8,30/12,30-15,30/19,30;8,30/12,30-15,30/19,30;NO;non comunale;1395161,17;4987860,013
POINT (1396463.843 4990578.521);274;TONENGO s.n.c.;CORSO VITTORIO EMANUELE II 34;1;10123;TORINO;011-889677;;;http://www.farmapiemonte.org/trovafarmacie.lasso;sabato o mercoledi' settimane alterne;dall'8 al 28 agosto 2011;8,30-19,30;8,30-19,30;NO;non comunale;1396463,843;4990578,521
POINT (1395869.762 4988765.345);275;TORINO ESPOSIZIONI;CORSO MASSIMO D'AZEGLIO 100;8;10126;TORINO;011-6964027;;;http://www.farmapiemonte.org/trovafarmacie.lasso;sabato o mercoledi' settimane alterne;dall'11 al 31 luglio 2011 e dal 29 mggio al 5 giugno 2011;9,00/12,30-15,00/19,30;9,00/12,30-15,00/19,30;NO;non comunale;1395869,762;4988765,345
POINT (1394361.642 4994408.03);277;VELA;CORSO POTENZA 92;5;10149;TORINO;011-252803;;;http://www.farmapiemonte.org/trovafarmacie.lasso;sabato pom./lunedi' matt.;dal 1° al 28 agosto 2011;9,00/13,00-15,00/19,30;9,00/13,00-15,00/19,30;NO;non comunale;1394361,642;4994408,03
POINT (1393783.609 4985754.292);278;VIGLIANI;VIA ONORATO VIGLIANI 160;2;10127;TORINO;011-6060258;;;http://www.farmapiemonte.org/trovafarmacie.lasso;sabato o mercoledi' settimane alterne;dall'8 al 28 agosto 2011 e dal 24 aprile al 1° maggio 2011;8,30/13,00-15,00/19,30;8,30/13,00-15,00/19,30;NO;non comunale;1393783,609;4985754,292
POINT (1391694.323 4990922.888);279;VILLA GIUSTI EREDI ALLINI;VIA S. MARIA MAZZARELLO 18;3;10142;TORINO;011-701784;;;http://www.farmapiemonte.org/trovafarmacie.lasso;sabato o mercoledi' settimane alterne;dal 1° al 28 agosto 2011;9,00/12,30-15,00/19,30;9,00/12,30-15,00/19,30;NO;non comunale;1391694,323;4990922,888
